gene_name	condition	sup_frac	pel_frac	total	sup	pel
1	1	0.4043165671030147	0.5956834328969853	72.42600020163562	29.283031770527565	43.14296843110806
2	1	0.7370629419702961	0.2629370580297039	47.02724021730305	34.66203602730921	12.365204189993838
3	1	0.5138730964254743	0.4861269035745257	4730.291610648264	2430.769596959268	2299.5220136889966
4	1	0.7881928620227636	0.21180713797723638	193.6890448133073	152.664322573856	41.0247222394513
5	1	0.5071519455740994	0.49284805442590063	431.3170744691395	218.74329347635282	212.5737809927867
6	1	0.12926437570775892	0.870735624292241	1675.1473348928077	216.53687446343497	1458.6104604293728
7	1	0.4904144544357434	0.5095855455642566	873.9734087147191	428.6091924261759	445.36421628854316
8	1	0.8536491660532284	0.14635083394677162	2377.539654947375	2029.584743704307	347.95491124306795
9	1	0.5646805308784034	0.4353194691215966	250.8340317762402	141.64109422577764	109.19293755046257
10	1	0.3252951221549158	0.67470487784508415	1244.5792227609973	404.85555029950876	839.7236724614884
11	1	0.8591583765233206	0.1408416234766794	5021.516548559228	4314.278005545135	707.2385430140935
12	1	0.5844229115090608	0.4155770884909392	26366.420914720045	15409.140477054083	10957.280437665962
13	1	0.7816845822664151	0.21831541773358487	14.00047761669256	10.943957497334619	3.056520119357941
14	1	0.5783208532592459	0.42167914674075413	566.979113166174	327.89584450643224	239.08326865974172
15	1	0.6576908165027667	0.34230918349723327	6582.138447472807	4329.012009852643	2253.126437620163
16	1	0.8852544879463716	0.11474551205362837	589.0185863824494	521.4313470788909	67.58723930355849
17	1	0.7784670840723517	0.22153291592764834	27.77368995534868	21.62090343346985	6.152786521878831
18	1	0.24465622905768172	0.7553437709423183	313.61528218140853	76.72793231336418	236.88734986804437
19	1	0.47370676684812574	0.5262932331518743	73.01592353632279	34.58813706682144	38.42778646950135
20	1	0.3276020546644619	0.6723979453355381	164.1358832989649	53.77125261290724	110.36463068605767
21	1	0.763830258610162	0.23616974138983804	3825.166458881327	2921.7778855142415	903.3885733670855
22	1	0.5905451399550641	0.4094548600449359	19.027905132168197	11.23683689932795	7.791068232840247
23	1	0.6812946954789274	0.3187053045210726	505.78803157196376	344.59070294670715	161.1973286252566
24	1	0.1742121208390234	0.8257878791609766	253.52584292292306	44.16727478310354	209.35856813981954
25	1	0.5036121462089179	0.4963878537910821	14.396843865013468	7.250425437494125	7.146418427519342
26	1	0.6025337233993339	0.39746627660066614	613.8651550551168	369.87445754046894	243.99069751464788
27	1	0.6906198141551747	0.3093801858448253	1746.1930734231362	1205.9555358465398	540.2375375765965
28	1	0.47786117684791124	0.5221388231520887	2496.3611924370384	1192.9140972554183	1303.4470951816202
29	1	0.13466909431615479	0.8653309056838452	130.75607139234606	17.60880171074572	113.14726968160033
30	1	0.7334820140680096	0.2665179859319904	143.75120440310366	105.4389229302906	38.312281472813055
31	1	0.2546183332919925	0.7453816667080075	376.8362668398696	95.94942218674414	280.8868446531255
32	1	0.742744456775099	0.25725554322490096	287.71891797069867	213.70163143206585	74.0172865386328
33	1	0.1705974968166778	0.8294025031833222	397.2863486384664	67.77605659716032	329.51029204130606
34	1	0.2823923703929043	0.7176076296070957	10.83175714555725	3.058805575854191	7.772951569703059
35	1	0.7413806738035909	0.25861932619640915	6.702669405986465	4.96922956049296	1.7334398454935056
36	1	0.5710568673439897	0.42894313265601025	24585.99128348633	14039.999162894343	10545.992120591989
37	1	0.22364318496345878	0.7763568150365412	17.130917758970128	3.831213008963157	13.29970475000697
38	1	0.6909402349836025	0.30905976501639754	197.25579976172693	136.29196863924605	60.96383112248089
39	1	0.16008484296429948	0.8399151570357005	92.98871047473746	14.886083113801057	78.10262736093641
40	1	0.5354356027766867	0.46456439722331333	56.42068884124349	30.209645538787086	26.211043302456403
41	1	0.6187429730659793	0.38125702693402075	4.202468923046841	2.6002481156633865	1.6022208073834547
42	1	0.818933851859756	0.18106614814024402	187.3047338189557	153.3901871379237	33.91454668103201
43	1	0.45893861781745954	0.5410613821825405	150.7392974938387	69.18008484259718	81.55921265124154
44	1	0.5987741194018771	0.4012258805981229	197.97737334871096	118.54372738837105	79.4336459603399
45	1	0.37088221957238776	0.6291177804276122	4821.5178317674745	1788.2152351537675	3033.302596613707
46	1	0.7338060051582695	0.26619399484173045	871.1087431779247	639.2248268898339	231.88391628809077
47	1	0.2234728671119387	0.7765271328880613	1790.6994776969923	400.172746416798	1390.5267312801943
48	1	0.500659227635985	0.499340772364015	139.02350763058587	69.60340195357459	69.42010567701128
49	1	0.5461943906414715	0.45380560935852854	641.6240060784681	350.4514330209687	291.17257305749945
50	1	0.7570280170903767	0.2429719829096233	67368.55554727715	50999.88402019812	16368.671527079032
51	1	0.7313713105259478	0.26862868947405216	1318.9346281373762	964.6309474788865	354.30368065848967
52	1	0.13243617748033315	0.8675638225196669	1.5626865064491182	0.2069562275142172	1.355730278934901
53	1	0.036997169935970554	0.9630028300640294	485.4138971336654	17.958940441535947	467.45495669212943
54	1	0.8881223360574781	0.11187766394252185	2792.1875515275187	2479.8041309732303	312.38342055428865
55	1	0.44025848263746264	0.5597415173625373	233.22452493002558	102.67907545953614	130.54544947048942
56	1	0.5608860411935792	0.4391139588064208	157.54839008428903	88.36669281079863	69.1816972734904
57	1	0.630017978904389	0.36998202109561096	2184.1250799093286	1376.0380685188625	808.0870113904662
58	1	0.4216079165089264	0.5783920834910736	96.92465052861601	40.864199967725604	56.06045056089041
59	1	0.40102788814116513	0.5989721118588349	465.12278345488	186.527207575251	278.59557587962905
60	1	0.3278878086213659	0.6721121913786341	15.442774550106128	5.063497506268098	10.37927704383803
61	1	0.5597371241925032	0.4402628758074968	2734.6008001517393	1530.6575876914528	1203.9432124602865
62	1	0.4139049093306143	0.5860950906693857	770.5635557495525	318.9400386759943	451.6235170735582
63	1	0.04457763100161638	0.9554223689983836	392.6566993955683	17.503705455968248	375.15299393960004
64	1	0.6924693826960222	0.3075306173039778	132.71026680746454	91.89779653358937	40.812470273875164
65	1	0.426459333752761	0.573540666247239	2702.803910025377	1152.6359547337797	1550.167955291597
66	1	0.7463812132097959	0.2536187867902041	87.91877793674894	65.62092414035331	22.29785379639563
67	1	0.3720880834366069	0.6279119165633931	38.00126729846705	14.139818717248808	23.861448581218237
68	1	0.3584954658043882	0.6415045341956118	71.02279382723064	25.461349555822075	45.56144427140857
69	1	0.05954606320714814	0.9404539367928518	190.61453394183832	11.35034508630179	179.26418885553653
70	1	0.34939231480999255	0.6506076851900074	52.29040023396617	18.269863980086416	34.020536253879754
71	1	0.7624703819457659	0.23752961805423412	109.8635763170309	83.76772299637436	26.095853320656552
72	1	0.41791127108606463	0.5820887289139354	2495.5100312715495	1042.901769176718	1452.6082620948314
73	1	0.8917646087463155	0.10823539125368453	363.72407311081935	324.35625574928605	39.36781736153329
74	1	0.6552782403371527	0.34472175966284735	983.7545754399331	644.632967117902	339.121608322031
75	1	0.8851232218409105	0.11487677815908948	141.4354234344433	125.18777767272786	16.24764576171543
76	1	0.23420696493505125	0.7657930350649488	4260.797949959854	997.9085560615858	3262.8893938982683
77	1	0.7863684734778552	0.2136315265221448	737.5117847312773	579.9560163310631	157.55576840021422
78	1	0.6920289902170657	0.30797100978293435	44.43633340177734	30.75123093298084	13.6851024687965
79	1	0.6594664854234134	0.34053351457658665	14.1606513774063	9.338474995164349	4.82217638224195
80	1	0.45857500289128295	0.541424997108717	182.27740589806095	83.58786193671885	98.6895439613421
81	1	0.3694740957648636	0.6305259042351363	727.6758270014851	268.857368191323	458.81845881016204
82	1	0.5276558281261015	0.47234417187389854	15.432606417316368	8.143104719273255	7.289501698043112
83	1	0.369552852389953	0.630447147610047	52.106641773351996	19.25615809580371	32.85048367754829
84	1	0.4799731167153732	0.5200268832846269	9569.07888652092	4592.900617258719	4976.178269262202
85	1	0.5627256971425073	0.4372743028574927	372.4006438690951	209.55941193755515	162.84123193153997
86	1	0.5535147808591211	0.4464852191408789	2096.08420011621	1160.21358668959	935.8706134266199
87	1	0.7831175221029553	0.21688247789704473	32.37900473623019	25.35656595719644	7.0224387790337515
88	1	0.8000978726124843	0.19990212738751567	2714.727097826481	2172.047375694431	542.67972213205
89	1	0.5000539212952505	0.4999460787047495	223.12864969799045	111.57635623479443	111.55229346319602
90	1	0.8684036029666685	0.13159639703333148	12365.470777414528	10738.219375485827	1627.2514019287003
91	1	0.26939864564531724	0.7306013543546828	99.19149945244845	26.72205561201784	72.46944384043061
92	1	0.6176552626187483	0.38234473738125174	2129.8381256790567	1315.5057268517203	814.3323988273364
93	1	0.4759996533940647	0.5240003466059353	299.3822460504065	142.50584535233008	156.8764006980764
94	1	0.35112728792235054	0.6488727120776494	32462.493082570774	11398.467155281141	21064.025927289633
95	1	0.5472702648688028	0.4527297351311972	3.1873229486666492	1.7443270743392107	1.4429958743274385
96	1	0.6022162575076417	0.39778374249235826	286.7138525768319	172.66374327441744	114.05010930241448
97	1	0.665034198772851	0.33496580122714903	31.9191930697958	21.227354988647587	10.691838081148212
98	1	0.8560967678938092	0.14390323210619083	22517.736081738203	19277.361079861883	3240.3750018763208
99	1	0.6002964989307187	0.3997035010692813	2117.023203199467	1270.8416170357355	846.1815861637315
100	1	0.5031059630481876	0.49689403695181245	2101.208775041314	1057.1306643324626	1044.0781107088512
101	1	0.4839746059482616	0.5160253940517384	203.6209238785415	98.54735639693808	105.07356748160342
102	1	0.8595210778221598	0.1404789221778402	758.5720176632462	652.0086382276438	106.56337943560239
103	1	0.44131281482056256	0.5586871851794375	43.84689016597105	19.350194520272726	24.496695645698324
104	1	0.06735292430147974	0.9326470756985202	254.3589923321621	17.13182195594878	237.2271703762133
105	1	0.7073793096197999	0.2926206903802001	1175.016606636924	831.1824359946273	343.8341706422967
106	1	0.2827716125285105	0.7172283874714895	8207.727014996628	2320.912203224415	5886.814811772214
107	1	0.871018705831335	0.128981294168665	1744.8081864450066	1519.7605684812484	225.04761796375828
108	1	0.634603261601203	0.36539673839879705	221.29194399614892	140.43258942602685	80.85935457012208
109	1	0.6187098348954644	0.3812901651045356	113.25391143138332	70.07130884297672	43.182602588406596
110	1	0.6173488974526654	0.3826511025473346	21.96252535354639	13.558540812288074	8.403984541258316
111	1	0.06685676421591549	0.9331432357840845	5128.622353152817	342.88309541721156	4785.739257735605
112	1	0.6207866083827867	0.37921339161721335	999.1506337136971	620.2593331666379	378.8913005470591
113	1	0.5169878439764591	0.48301215602354086	19.773571500817273	10.22269609792188	9.550875402895393
114	1	0.500088925241484	0.49991107475851604	128.66039406726145	64.34163819024258	64.31875587701887
115	1	0.6273336021295243	0.37266639787047573	5170.203615070508	3243.44245758527	1926.7611574852378
116	1	0.6137974231563773	0.3862025768436227	385.94701180866383	236.89328132306179	149.05373048560205
117	1	0.6303755391033881	0.36962446089661194	759.4331845590845	478.7281031294357	280.70508142964877
118	1	0.7954276391632227	0.20457236083677732	48223.5336986076	38358.33156199155	9865.202136616044
119	1	0.392692732175422	0.607307267824578	19.184833390609526	7.53374464048872	11.651088750120806
120	1	0.15296910673738803	0.8470308932626119	38.39720681680727	5.873586427977755	32.523620388829514
121	1	0.6580467434532546	0.34195325654674535	675.3971429832465	444.44289047775754	230.95425250548894
122	1	0.2425820409229563	0.7574179590770437	3.3111662914065074	0.8032294768046868	2.5079368146018206
123	1	0.3301880809200365	0.6698119190799635	18.235017256258732	6.02098535338782	12.214031902870913
124	1	0.9625657611860268	0.03743423881397323	3579.4152449953444	3445.4225598998123	133.9926850955322
125	1	0.45985051715444886	0.5401494828455511	7193.481835935738	3307.9263423961834	3885.555493539554
126	1	0.24133403399577655	0.7586659660042234	41.80059520975665	10.087906265395105	31.712688944361545
127	1	0.7646495808134988	0.23535041918650124	11627.37291876955	8890.865828299364	2736.507090470186
128	1	0.23070777812437962	0.7692922218756204	338.0629272061057	77.99374680194454	260.06918040416116
129	1	0.2675817438309322	0.7324182561690677	64.71944071900377	17.31774080735367	47.4016999116501
130	1	0.7514680453322616	0.24853195466773836	49.41994364967105	37.13750845484882	12.282435194822229
131	1	0.874090745603077	0.12590925439692302	582.6986055250318	509.3314585652483	73.36714695978353
132	1	0.08314978500248535	0.9168502149975146	95.31747942253315	7.925627920962453	87.3918515015707
133	1	0.7861389411047403	0.21386105889525975	4.898361154666459	3.8507924512780827	1.047568703388376
134	1	0.6064269848330356	0.3935730151669644	192.23620874890662	116.57722444733346	75.65898430157316
135	1	0.6943038453917467	0.3056961546082533	53.54057469651336	37.17342689627328	16.367147800240083
136	1	0.9017643931197414	0.09823560688025856	502.9297095526758	453.5241043166565	49.40560523601928
137	1	0.17834655070574013	0.8216534492942599	2865.1023589124475	510.98112313091445	2354.121235781533
138	1	0.7535816961805916	0.24641830381940844	918.3004171369471	692.0143859494053	226.28603118754174
139	1	0.6184583856197028	0.3815416143802972	527.7815351371498	326.41091618081015	201.3706189563397
140	1	0.258754945232411	0.7412450547675891	765.6644392227288	198.11946003748187	567.5449791852469
141	1	0.44894704360719956	0.5510529563928004	35.305006998992226	15.850078516729049	19.454928482263174
142	1	0.7351187631769904	0.26488123682300957	138.7817635536883	102.02107837510887	36.76068517857943
143	1	0.2862567287997028	0.7137432712002971	32.07166798992799	9.180730765946926	22.89093722398106
144	1	0.21357446740296754	0.7864255325970324	12.748183353883583	2.7226864701610625	10.02549688372252
145	1	0.5436166155035387	0.4563833844964613	518.9166299836068	282.0917021201904	236.82492786341635
146	1	0.5813478207507871	0.41865217924921294	56.420869423060815	32.80014948396112	23.620719939099693
147	1	0.34498966637696155	0.6550103336230384	7.47896405786694	2.580165315168802	4.898798742698138
148	1	0.5798460492745016	0.42015395072549844	1262.0854806987231	731.8152798298648	530.2702008688583
149	1	0.7680958498191159	0.23190415018088406	7762.33044850962	5962.213802424796	1800.116646084824
150	1	0.14651499562313797	0.853485004376862	539.3303268208392	79.01998047358083	460.3103463472584
151	1	0.3949647013395811	0.6050352986604188	50.67552564034279	20.015043849764275	30.660481790578512
152	1	0.1949124794534436	0.8050875205465564	480.4838870531916	93.65230576296592	386.8315812902257
153	1	0.03161565012365335	0.9683843498763467	16.877235738591573	0.5335847801657293	16.343650958425844
154	1	0.9019347133904045	0.09806528660959546	83.40682521475959	75.22751099487776	8.179314219881833
155	1	0.27444460242072455	0.7255553975792755	68.74302786310174	18.86615295108575	49.876874912016
156	1	0.7190745369570699	0.2809254630429301	192.45641943809224	138.3905106918618	54.065908746230434
157	1	0.8317864633207402	0.16821353667925976	3247.9258983769464	2701.580796138798	546.3451022381481
158	1	0.36232793178466316	0.6376720682153368	126.98349389386956	46.00966671335616	80.9738271805134
159	1	0.49558032585740425	0.5044196741425957	97.75872391463865	48.44730025302064	49.31142366161801
160	1	0.6103488922355754	0.3896511077644246	1.5468094558495555	0.9440934378772894	0.6027160179722661
161	1	0.3429903459564678	0.6570096540435322	1225.7633985501295	420.4250121294847	805.3383864206448
162	1	0.12661979901993214	0.8733802009800679	6195.076177520913	784.4193005108675	5410.656877010046
163	1	0.6307331321126534	0.36926686788734664	443.95289996046415	280.015803102559	163.93709685790515
164	1	0.8040667353408998	0.19593326465910021	779.7035194733808	626.933663436771	152.7698560366098
165	1	0.7784586165750321	0.22154138342496787	85.82195055490372	66.80883690074116	19.01311365416256
166	1	0.6065522112493514	0.39344778875064856	1889.0062850610552	1145.7809392677057	743.2253457933494
167	1	0.6078573316002627	0.3921426683997373	65.54191795484739	39.84013535599688	25.70178259885051
168	1	0.8832808517722932	0.11671914822770679	4.755984707313756	4.200870223292095	0.555114484021661
169	1	0.7296436766042307	0.2703563233957693	147.85780964944456	107.88351584726922	39.97429380217533
170	1	0.9613568662514285	0.038643133748571534	147.48222195552106	141.78304672695734	5.699175228563713
171	1	0.6173098160488478	0.3826901839511522	417.78057866185407	257.90005216253036	159.88052649932374
172	1	0.25628220471824864	0.7437177952817513	795.310204807015	203.82385272286368	591.4863520841512
173	1	0.554251311535367	0.445748688464633	52.53951759962471	29.120096537027493	23.419421062597216
174	1	0.8653773975376224	0.13462260246237756	28.548408060937245	24.705147071615954	3.8432609893212897
175	1	0.23643036738862497	0.763569632611375	69.14723255505668	16.34850559689874	52.798726958157935
176	1	0.528620219239512	0.47137978076048803	583.411732089031	308.403237723807	275.008494365224
177	1	0.45586071892526353	0.5441392810747365	15.147091139812087	6.904963856621228	8.242127283190861
178	1	0.37817828585063434	0.6218217141493656	40.94172603385034	15.48327177124781	25.458454262602523
179	1	0.7192172328322497	0.2807827671677503	1175.8933807091994	845.7227833794295	330.1705973297699
180	1	0.7205390479428159	0.27946095205718413	77.01633775688225	55.49327868338628	21.523059073495972
181	1	0.45181279039300054	0.5481872096069995	553.5954054544305	250.12148488711077	303.4739205673198
182	1	0.3101859335318048	0.6898140664681952	18.424545799822464	5.715034938817424	12.70951086100504
183	1	0.26339475770786086	0.7366052422921392	15673.251407448348	4128.252256959247	11544.999150489102
184	1	0.8318497393410936	0.16815026065890637	1340.1388812951222	1114.7941790862124	225.34470220890998
185	1	0.4319258668320568	0.5680741331679432	2139.422092277328	924.0717417265375	1215.3503505507904
186	1	0.6860146399679194	0.31398536003208055	53.942622019998026	37.00542842397451	16.937193596023516
187	1	0.24617997836261774	0.7538200216373823	1987.414402305841	489.2616345572068	1498.1527677486342
188	1	0.7572313080247548	0.2427686919752452	1638.7124961157917	1240.884406910272	397.82808920551986
189	1	0.19591588681293845	0.8040841131870615	10070.382659109691	1972.9479492051123	8097.434709904579
190	1	0.6552691119330862	0.34473088806691377	110.53364645200058	72.42928434932814	38.10436210267243
191	1	0.8296265953738273	0.17037340462617268	8209.591508411353	6810.895452533195	1398.6960558781586
192	1	0.7689195022914459	0.2310804977085541	1383.9241217139036	1064.1262468773812	319.79787483652245
193	1	0.4562697306559683	0.5437302693440317	73.85280150740425	33.69679785197203	40.15600365543222
194	1	0.7481535939336832	0.2518464060663168	2.5176829428535266	1.8836135420813978	0.6340694007721287
195	1	0.5261687010809074	0.4738312989190926	2704.3727527723245	1422.956298564812	1281.4164542075125
196	1	0.7059964021577375	0.2940035978422625	299.59204164353787	211.5109035154288	88.08113812810906
197	1	0.10873055582881626	0.8912694441711837	2483.410633073616	270.0226184852867	2213.388014588329
198	1	0.194936347830242	0.8050636521697581	81283.98032475695	15845.202261613367	65438.77806314359
199	1	0.43981068026852643	0.5601893197314736	2.5380717940382667	1.1162710823063293	1.4218007117319373
200	1	0.8809838508785316	0.1190161491214684	15283.381103029893	13464.411938591455	1818.969164438438
201	1	0.612688471170358	0.38731152882964204	5664.953671849261	3470.8518044562293	2194.1018673930316
202	1	0.8699487093348122	0.13005129066518784	19.233416617895376	16.73208596283681	2.5013306550585654
203	1	0.34590173192602436	0.6540982680739756	104.81159942313832	36.25451376640024	68.55708565673808
204	1	0.38855304696946397	0.611446953030536	87.58560014541678	34.031651807150816	53.553948338265954
205	1	0.3347963253142666	0.6652036746857334	5766.5498811613825	1930.6197099542517	3835.9301712071306
206	1	0.3945314211014212	0.6054685788985787	734.5781413736812	289.81415802619915	444.76398334748205
207	1	0.4716911038839109	0.5283088961160891	240.89625897760655	113.62862231865171	127.26763665895484
208	1	0.2801877425742506	0.7198122574257494	15.906336160450104	4.456760421423688	11.449575739026416
209	1	0.31457189562268667	0.6854281043773134	1004.23305342554	315.9034952630309	688.3295581625091
210	1	0.8343014312410203	0.1656985687589797	137579.80932446945	114783.03182927152	22796.77749519792
211	1	0.8141995378191443	0.18580046218085566	8.453354102180917	6.88271700301727	1.5706370991636465
212	1	0.22307312600471715	0.7769268739952828	607.9612979391417	135.61982722116954	472.34147071797213
213	1	0.029219052571813578	0.9707809474281864	276.9803282330857	8.09310277200071	268.887225461085
214	1	0.7657714932580815	0.23422850674191853	73.4499524117368	56.24587973807071	17.20407267366609
215	1	0.3445108960234309	0.6554891039765691	76.99690866207143	26.526273994204494	50.47063466786694
216	1	0.6151459589523094	0.3848540410476906	114.45458866191802	70.40627769892768	44.04831096299034
217	1	0.725236708482942	0.27476329151705803	34.41784391673092	24.96108383524958	9.45676008148134
218	1	0.07627064969138082	0.9237293503086191	4267.507081531519	325.48553767097746	3942.021543860542
219	1	0.6997294949747499	0.3002705050252501	10.169087763095662	7.115610644824837	3.0534771182708256
220	1	0.736778438222968	0.26322156177703204	254.85706307994172	187.77318890613188	67.08387417380983
221	1	0.8508499323189688	0.14915006768103123	2789.648812308515	2373.5725031463917	416.0763091621234
222	1	0.66256058116150085	0.33743941883849915	113.47726245161871	75.18556095856066	38.29170149305806
223	1	0.32560499277838595	0.674395007221614	982.2655820327809	319.8305777442407	662.4350042885402
224	1	0.4580645421488994	0.5419354578511006	661.6629768543046	303.08434854964486	358.5786283046598
225	1	0.5492527258878978	0.45074727411210225	319.6047931162757	175.54380382595204	144.06098929032365
226	1	0.4735574631626364	0.5264425368373635	136.8815842691461	64.82129580017946	72.06028846896662
227	1	0.44652776985566883	0.5534722301443311	3979.4905354530915	1776.9530339576104	2202.537501495481
228	1	0.1041389625056717	0.8958610374943283	937.2746577807721	97.60681044414811	839.667847336624
229	1	0.6575861324371614	0.34241386756283865	166.34052778313	109.38322433246464	56.95730345066536
230	1	0.263218009606831	0.7367819903931689	361.02585798953436	95.02850775660366	265.99735023293067
231	1	0.711277768991102	0.28872223100889804	5619.677968262625	3997.152007714288	1622.5259605483363
232	1	0.6754517438762225	0.32454825612377747	3.577533727004577	2.416451394681243	1.1610823323233337
233	1	0.348986547415841	0.651013452584159	21377.412784778004	7460.429480442935	13916.98330433507
234	1	0.34772785326257666	0.6522721467374233	42.1579105189124	14.659479722777208	27.498430796135192
235	1	0.45555094105408067	0.5444490589459193	338.53454372938467	154.219729975235	184.31481375414967
236	1	0.36048278548027324	0.6395172145197268	19.42585272863738	7.002685501948769	12.42316722668861
237	1	0.5878688684530166	0.41213113154698344	114.4786113100966	67.29841169293918	47.180199617157406
238	1	0.41357324195125955	0.5864267580487404	11631.907924739267	4810.645870512966	6821.262054226301
239	1	0.687061859190271	0.31293814080972904	62.00472504966081	42.60108167120153	19.40364337845929
240	1	0.3808058688437929	0.619194131156207	14228.414774464009	5418.263850459627	8810.150924004382
241	1	0.7055480279740886	0.29445197202591145	2322.9988923658366	1638.987287494708	684.0116048711286
242	1	0.8149950121443726	0.18500498785562736	384.42907069006486	313.3077751356993	71.12129555436556
243	1	0.29414888276112794	0.7058511172388721	5.304752595619262	1.5603870493255994	3.7443655462936625
244	1	0.8620584420486274	0.13794155795137264	351.22444207307717	302.7759953429153	48.4484467301619
245	1	0.40310422595183404	0.596895774048166	149.40235374505266	60.22472016178155	89.17763358327112
246	1	0.13602604159013407	0.8639739584098659	2726.8883928887335	370.9278339427367	2355.9605589459966
247	1	0.4061694251684609	0.5938305748315391	7624.834696945229	3096.974725862779	4527.859971082449
248	1	0.6260446825445569	0.3739553174554431	2.6668528026838585	1.669569016249278	0.9972837864345804
249	1	0.5499612041138052	0.4500387958861948	743.4865109744621	408.88873681788704	334.5977741565751
250	1	0.5539480163365077	0.4460519836634923	206.38868290662884	114.32860149043154	92.0600814161973
251	1	0.17727992198873754	0.8227200780112625	19.62361656028429	3.478873212944097	16.144743347340192
252	1	0.6646547580532419	0.3353452419467581	801.3944492980979	532.6506338034384	268.7438154946596
253	1	0.7641327568818984	0.2358672431181016	121.97589880446175	93.20577982660082	28.770118977860935
254	1	0.6020584857330753	0.3979415142669247	310.6259621578119	187.01499640611178	123.61096575170012
255	1	0.26199191742052536	0.7380080825794746	791.533519762899	207.3753845452992	584.1581352175998
256	1	0.06303383840274344	0.9369661615972565	150.13361451152156	9.463497995939028	140.67011651558252
257	1	0.49902607894179224	0.5009739210582078	97.7507065016709	48.780151779318786	48.97055472235212
258	1	0.5601910302746984	0.4398089697253016	29.341055250123883	16.436595969913746	12.904459280210137
259	1	0.6700701416820545	0.3299298583179455	56.67819089453872	37.97836340298609	18.699827491552632
260	1	0.307417718192251	0.692582281807749	39.6164849236215	12.178809398017435	27.437675525604064
261	1	0.7766008386235497	0.22339916137645033	118.68681829887159	92.17228262446453	26.51453567440705
262	1	0.7625367792488947	0.23746322075110526	310.76362818624204	236.96869614483805	73.794932041404
263	1	0.5403874193952262	0.45961258060477383	269.3771323372773	145.56801338782762	123.8091189494497
264	1	0.3319990560129634	0.6680009439870366	5316.443087033198	1765.054086241667	3551.389000791531
265	1	0.5379083111583107	0.4620916888416893	306.0550882485392	164.62957564117949	141.42551260735974
266	1	0.8648873066307939	0.13511269336920606	143.76085083622456	124.33693507869359	19.42391575753098
267	1	0.5087766089906212	0.49122339100937884	24002.154116769518	12211.734580000273	11790.419536769245
268	1	0.65835689878215	0.34164310121785	363.89705256548353	239.57413500297676	124.32291756250677
269	1	0.758503745156283	0.24149625484371695	17.517244544552767	13.286895591861741	4.230348952691026
270	1	0.4729090114340684	0.5270909885659316	13.277312914994553	6.278960925130863	6.99835198986369
271	1	0.37478999775619304	0.625210002243807	129.75376186027702	48.63041211647083	81.12334974380619
272	1	0.5954556024686326	0.4045443975313674	377.4754094898459	224.76984737486998	152.70556211497592
273	1	0.14006698930668848	0.8599330106933115	13.509155563105617	1.8921867477999057	11.616968815305711
274	1	0.25216043978701086	0.7478395602129891	1879.8280738674925	474.0182738303965	1405.809800037096
275	1	0.25406527590016165	0.7459347240998384	652.1600844278759	165.691231781241	486.4688526466349
276	1	0.37942655409299514	0.6205734459070049	2512.1309918393363	953.1692056638175	1558.961786175519
277	1	0.5279953913232176	0.4720046086767824	13.79943426633822	7.286037695494267	6.513396570843954
278	1	0.7971125879514652	0.20288741204853478	12.257600980246442	9.770688039440659	2.4869129408057837
279	1	0.35907980111086396	0.640920198889136	117.242822965829	42.09952955224611	75.14329341358288
280	1	0.35790067076187815	0.6420993292381219	6.036182935998082	2.1603539216351164	3.8758290143629655
281	1	0.07258044387159873	0.9274195561284013	278.4452384908416	20.20967900359845	258.23555948724317
282	1	0.8797625607252969	0.1202374392747031	516.3279383262346	454.24598919590136	62.08194913033328
283	1	0.612684383023488	0.38731561697651196	840.9445229512314	515.2335762013568	325.7109467498747
284	1	0.05589901082150493	0.944100989178495	119.99877800805712	6.707812990439753	113.29096501761737
285	1	0.44254511232488625	0.5574548876751138	739.8584140343581	327.42072494334724	412.4376890910109
286	1	0.6017601855014083	0.3982398144985917	6568.908181554282	3952.907405873824	2616.0007756804584
287	1	0.8474853116666634	0.1525146883333366	2847.9922285367984	2413.6315814257437	434.3606471110545
288	1	0.34659065873868317	0.6534093412613169	187.47642504350674	64.97757765380236	122.4988473897044
289	1	0.7259336382733603	0.2740663617266397	1014.6465844447696	736.5660866076299	278.08049783713966
290	1	0.7551543437236355	0.24484565627636445	18.16239699149542	13.715412980560856	4.446984010934563
291	1	0.43931942089722226	0.5606805791027778	9.182535269364873	4.034066076905695	5.148469192459179
292	1	0.8059890201612931	0.19401097983870685	92.09369129217438	74.22650400761624	17.86718728455814
293	1	0.6205002426567222	0.3794997573432778	23.115395604263046	14.34310858155135	8.772287022711696
294	1	0.6673465028455662	0.3326534971544338	965.1004871208578	644.0564349746568	321.04405214620095
295	1	0.2956092099730755	0.7043907900269245	510.8674913958808	151.01713553246327	359.8503558634175
296	1	0.6813673304763658	0.3186326695236342	235.99622242115132	160.80011607360652	75.19610634754478
297	1	0.3867725033495543	0.6132274966504456	205.90611871870698	79.63882499182482	126.26729372688214
298	1	0.6605492469970231	0.3394507530029769	372.6029460157635	246.12259541958502	126.48035059617847
299	1	0.6271921974081565	0.37280780259184354	68.91666973526706	43.22399752931434	25.69267220595272
300	1	0.8985725144109015	0.10142748558909853	222.71651148035613	200.12693572172802	22.58957575862812
1	2	0.7046360316853264	0.2953639683146736	72.42600020163562	51.03396937292117	21.392030828714446
2	2	0.815956024551022	0.184043975448978	47.02724021730305	38.37215997331654	8.655080243986513
3	2	0.6156015329584035	0.3843984670415965	4730.291610648264	2911.974766855347	1818.3168437929173
4	2	0.5862125582202276	0.41378744177977245	193.6890448133073	113.54295045924117	80.14609435406614
5	2	0.5643538368178271	0.43564616318217286	431.3170744691395	243.41544586169937	187.90162860744016
6	2	0.48829252784153754	0.5117074721584625	1675.1473348928077	817.9619266618238	857.185408230984
7	2	0.9123154138705118	0.08768458612948815	873.9734087147191	797.3394120833909	76.63399663132813
8	2	0.8194170570077928	0.18058294299220723	2377.539654947375	1948.196546976301	429.34310797107383
9	2	0.9296383694377155	0.0703616305622845	250.8340317762402	233.18494029995207	17.649091476288145
10	2	0.880743521629788	0.11925647837021203	1244.5792227609973	1096.155087601785	148.42413515921217
11	2	0.9349346398317446	0.06506536016825537	5021.516548559228	4694.789765736367	326.7267828228608
12	2	0.5740743206345462	0.4259256793654538	26366.420914720045	15136.285174182402	11230.135740537644
13	2	0.6660086838195401	0.33399131618045985	14.00047761669256	9.324439670338345	4.676037946354215
14	2	0.7626167989120894	0.23738320108791056	566.979113166174	432.3877963328029	134.59131683337108
15	2	0.5246348760509724	0.47536512394902763	6582.138447472807	3453.2193885402357	3128.919058932571
16	2	0.6991177929188082	0.30088220708119184	589.0185863824494	411.79337409985436	177.225212282595
17	2	0.8777065117690626	0.12229348823093744	27.77368995534868	24.37714852966454	3.396541425684139
18	2	0.8660524879168892	0.13394751208311084	313.61528218140853	271.6072953819661	42.007986799442435
19	2	0.4122324884045769	0.5877675115954231	73.01592353632279	30.099535852536654	42.91638768378613
20	2	0.2290888467845445	0.7709111532154556	164.1358832989649	37.601700220922446	126.53418307804246
21	2	0.5399295446313661	0.4600704553686339	3825.166458881327	2065.32038428297	1759.8460745983568
22	2	0.9558620383596279	0.04413796164037209	19.027905132168197	18.188052185347917	0.8398529468202791
23	2	0.8293473681104622	0.17065263188953783	505.78803157196376	419.4739728059795	86.31405876598427
24	2	0.934745133678326	0.06525486632167399	253.52584292292306	236.982047933898	16.543794989025063
25	2	0.5899208000318363	0.41007919996816367	14.396843865013468	8.49299765078218	5.903846214231288
26	2	0.8200545419509199	0.17994545804908013	613.8651550551168	503.4029085483542	110.4622465067626
27	2	0.6176524721724811	0.3823475278275189	1746.1930734231362	1078.540468690263	667.6526047328733
28	2	0.9516767235096193	0.04832327649038071	2496.3611924370384	2375.728840315047	120.63235212199149
29	2	0.8653375019774932	0.13466249802250685	130.75607139234606	113.14813218704349	17.607939205302564
30	2	0.6065777804961897	0.3934222195038103	143.75120440310366	87.1962865104887	56.554917892614945
31	2	0.7797790879642944	0.2202209120357056	376.8362668398696	293.849040468263	82.98722637160661
32	2	0.5718314274534274	0.4281685725465726	287.71891797069867	164.52671956854022	123.19219840215847
33	2	0.6332806956330042	0.36671930436699585	397.2863486384664	251.5937752312642	145.6925734072022
34	2	0.6860062655336879	0.31399373446631207	10.83175714555725	7.430653268591568	3.4011038769656814
35	2	0.8041900548073996	0.19580994519260042	6.702669405986465	5.390220076956136	1.3124493290303294
36	2	0.2917155016809464	0.7082844983190536	24585.99128348633	7172.11478158559	17413.87650190074
37	2	0.43669662277165494	0.5633033772283451	17.130917758970128	7.481013930321223	9.649903828648906
38	2	0.794952432137937	0.20504756786206302	197.25579976172693	156.8089777738987	40.446821987828216
39	2	0.23982777992053605	0.760172220079464	92.98871047473746	22.30127599082978	70.68743448390768
40	2	0.6326031850609275	0.3673968149390725	56.42068884124349	35.69190746430216	20.728781376941328
41	2	0.8719158335665995	0.12808416643340048	4.202468923046841	3.6641991940761165	0.5382697289707249
42	2	0.7397860269760055	0.2602139730239945	187.3047338189557	138.5654248657235	48.73930895323221
43	2	0.46231292653619793	0.5376870734638021	150.7392974938387	69.68872576838714	81.05057172545156
44	2	0.6098066556635906	0.3901933443364094	197.97737334871096	120.7279199388395	77.24945340987145
45	2	0.5658836454907251	0.4341163545092749	4821.5178317674745	2728.418087439115	2093.0997443283595
46	2	0.8749000945003312	0.12509990549966876	871.1087431779247	762.1331217264311	108.97562145149361
47	2	0.5767924501837149	0.42320754981628506	1790.6994776969923	1032.8619392835467	757.8375384134455
48	2	0.6649838267725584	0.3350161732274416	139.02350763058587	92.44838411553097	46.575123515054905
49	2	0.6186983677190763	0.38130163228092373	641.6240060784681	396.9717252501229	244.65228082834523
50	2	0.823666371549835	0.17633362845016498	67368.55554727715	55489.21370417928	11879.34184309787
51	2	0.5205492015421905	0.47945079845780947	1318.9346281373762	686.5703675632572	632.364260574119
52	2	0.6151993638593773	0.38480063614062265	1.5626865064491182	0.9613637446791303	0.6013227617699879
53	2	0.6154279315065669	0.38457206849343306	485.4138971336654	298.7372706375132	186.67662649615224
54	2	0.7940621347604845	0.20593786523951552	2792.1875515275187	2217.1704078175917	575.0171437099269
55	2	0.33597571717716496	0.6640242828228351	233.22452493002558	78.35777702666893	154.86674790335667
56	2	0.5865356396898894	0.4134643603101106	157.54839008428903	92.4077457602007	65.14064432408833
57	2	0.812853589752644	0.187146410247356	2184.1250799093286	1775.3739116730783	408.75116823625046
58	2	0.6503054759769019	0.3496945240230981	96.92465052861601	63.03063099590651	33.8940195327095
59	2	0.9190187599987976	0.08098124000120244	465.12278345488	427.45656369789305	37.66621975698695
60	2	0.4704208191127622	0.5295791808872379	15.442774550106128	7.264602653234642	8.178171896871486
61	2	0.35906952875226644	0.6409304712477335	2734.6008001517393	981.9118206360558	1752.6889795156835
62	2	0.663326122270786	0.336673877729214	770.5635557495525	511.1349353985393	259.4286203510132
63	2	0.7729560747743476	0.22704392522565242	392.6566993955683	303.5063810986494	89.15031829691888
64	2	0.3054294993576585	0.6945705006423415	132.71026680746454	40.53363035062518	92.17663645683936
65	2	0.65296745298296	0.34703254701704	2702.803910025377	1764.8429850416558	937.9609249837212
66	2	0.6658353643436917	0.3341646356563083	87.91877793674894	58.53943154016736	29.37934639658158
67	2	0.3421565397156098	0.6578434602843902	38.00126729846705	13.002382123651444	24.998885174815605
68	2	0.37980131526044447	0.6201986847395555	71.02279382723064	26.974550509053575	44.048243318177065
69	2	0.6901362953115254	0.3098637046884746	190.61453394183832	131.5500082871533	59.064525654685
70	2	0.8963286263276885	0.1036713736723115	52.29040023396617	46.86938261183594	5.421017622130231
71	2	0.7645227341385442	0.2354772658614558	109.8635763170309	83.99320174813508	25.870374568895823
72	2	0.8350499731015044	0.16495002689849558	2495.5100312715495	2083.875584487842	411.63444678370763
73	2	0.38103829238589987	0.6189617076141001	363.72407311081935	138.5927997177908	225.13127339302852
74	2	0.750082970099644	0.24991702990035602	983.7545754399331	737.8975537950993	245.8570216448338
75	2	0.42944531961617965	0.5705546803838204	141.4354234344433	60.738780621854204	80.69664281258909
76	2	0.9784878463799049	0.021512153620095065	4260.797949959854	4169.139009916132	91.65894004372251
77	2	0.18921638417720585	0.8107836158227941	737.5117847312773	139.5493131949301	597.9624715363472
78	2	0.4464209689824338	0.5535790310175662	44.43633340177734	19.837311015247927	24.599022386529413
79	2	0.38763454121046803	0.612365458789532	14.1606513774063	5.489157599922273	8.671493777484027
80	2	0.831361943438824	0.16863805656117603	182.27740589806095	151.5384984123993	30.738907485661645
81	2	0.9060985747968019	0.09390142520319811	727.6758270014851	659.3460297601298	68.32979724135528
82	2	0.7288712892758915	0.2711287107241085	15.432606417316368	11.248383736276779	4.18422268103959
83	2	0.7354490166734817	0.2645509833265183	52.106641773351996	38.32177845436909	13.784863318982904
84	2	0.7075329238244911	0.29246707617550893	9569.07888652092	6770.438362887352	2798.640523633568
85	2	0.562685546671648	0.43731445332835195	372.4006438690951	209.54445987635552	162.8561839927396
86	2	0.8273556702293442	0.1726443297706558	2096.08420011621	1734.2071482442857	361.87705187192427
87	2	0.44940309285055424	0.5505969071494458	32.37900473623019	14.551224871884592	17.8277798643456
88	2	0.8698284328881916	0.13017156711180844	2714.727097826481	2361.346817221516	353.3802806049647
89	2	0.6412405018874098	0.3587594981125902	223.12864969799045	143.07912731779945	80.04952238019101
90	2	0.7333780391805419	0.2666219608194581	12365.470777414528	9068.564712284558	3296.9060651299706
91	2	0.6641248978075118	0.3358751021924882	99.19149945244845	65.8755444372312	33.315955015217256
92	2	0.4276683132506945	0.5723316867493056	2129.8381256790567	910.8642787061829	1218.973846972874
93	2	0.8447388516826912	0.15526114831730875	299.3822460504065	252.8998147428053	46.48243130760118
94	2	0.6779151654511536	0.3220848345488464	32462.493082570774	22006.816369027896	10455.676713542878
95	2	0.7856597138487816	0.21434028615121836	3.1873229486666492	2.5041512357930946	0.6831717128735547
96	2	0.6751218732186295	0.3248781267813705	286.7138525768319	193.56679322940076	93.14705934743118
97	2	0.22866708656647222	0.7713329134335278	31.9191930697958	7.298868884822936	24.620324184972866
98	2	0.736945631948132	0.263054368051868	22517.736081738203	16594.347246797814	5923.388834940389
99	2	0.6247333679028523	0.3752666320971477	2117.023203199467	1322.5750356632873	794.4481675361795
100	2	0.516211623337258	0.483788376662742	2101.208775041314	1084.668392734568	1016.5403823067459
101	2	0.6221266828408266	0.3778733171591734	203.6209238785415	126.67800992954149	76.94291394900002
102	2	0.9342878746795603	0.06571212532043968	758.5720176632462	708.7246381739802	49.847379489266025
103	2	0.7634672554326488	0.23653274456735118	43.84689016597105	33.475664894270714	10.371225271700332
104	2	0.6897162699246384	0.3102837300753616	254.3589923321621	175.43553541312855	78.92345691903355
105	2	0.33696792607558984	0.6630320739244102	1175.016606636924	395.94290904282144	779.0736975941027
106	2	0.5184109493553408	0.4815890506446592	8207.727014996628	4254.97555389388	3952.751461102748
107	2	0.7044917393145587	0.29550826068544134	1744.8081864450066	1229.2029540389235	515.6052324060831
108	2	0.5353126443692836	0.4646873556307164	221.29194399614892	118.4603757181979	102.83156827795102
109	2	0.5776738698010556	0.4223261301989444	113.25391143138332	65.4238252866732	47.83008614471011
110	2	0.4369703096721483	0.5630296903278518	21.96252535354639	9.596971504921575	12.365553848624817
111	2	0.9482755728725962	0.05172442712740377	5128.622353152817	4863.34729998319	265.2750531696269
112	2	0.8768636807935187	0.12313631920648127	999.1506337136971	876.1189023453692	123.03173136832785
113	2	0.774451364105729	0.225548635894271	19.773571500817273	15.313669422050104	4.459902078767168
114	2	0.7205854840849258	0.27941451591507416	128.66039406726145	92.71081234151491	35.94958172574654
115	2	0.6296116682594671	0.3703883317405329	5170.203615070508	3255.2205233256705	1914.9830917448376
116	2	0.47578361570781885	0.5242163842921812	385.94701180866383	183.62726474995435	202.3197470587095
117	2	0.5426067736363204	0.45739322636367963	759.4331845590845	412.07359006596107	347.3595944931234
118	2	0.7466962723905783	0.25330372760942166	48223.5336986076	36008.332854251734	12215.200844355866
119	2	0.45757178322214015	0.5424282167778598	19.184833390609526	8.778438425360859	10.406394965248667
120	2	0.7425310554738231	0.25746894452617686	38.39720681680727	28.51111850493058	9.88608831187669
121	2	0.6994350761471452	0.3005649238528548	675.3971429832465	472.39645213205125	203.00069085119517
122	2	0.6827367383534377	0.31726326164656227	3.3111662914065074	2.2606548739407275	1.05051141746578
123	2	0.7559148549281276	0.2440851450718724	18.235017256258732	13.784120423876724	4.45089683238201
124	2	0.6764493822037758	0.3235506177962242	3579.4152449953444	2421.293231127878	1158.1220138674669
125	2	0.6754297762169109	0.3245702237830891	7193.481835935738	4858.691826666489	2334.790009269249
126	2	0.789011140247121	0.21098885975287895	41.80059520975665	32.98113528945844	8.81945992029821
127	2	0.6019417760768653	0.3980582239231347	11627.37291876955	6999.001505832188	4628.371412937362
128	2	0.8955414333068169	0.1044585666931831	338.0629272061057	302.749358378054	35.31356882805169
129	2	0.5749613876058585	0.42503861239414154	64.71944071900377	37.21117944087351	27.508261278130263
130	2	0.6909969415383443	0.30900305846165566	49.41994364967105	34.149029912920014	15.27091373675103
131	2	0.6346139078470384	0.3653860921529616	582.6986055250318	369.7886391492603	212.90996637577146
132	2	0.6323950962671431	0.3676049037328569	95.31747942253315	60.278306575354286	35.03917284717887
133	2	0.4100125880048163	0.5899874119951837	4.898361154666459	2.008389734007055	2.889971420659404
134	2	0.8498296887638287	0.1501703112361713	192.23620874890662	163.36803745022172	28.868171298684903
135	2	0.7846927799927383	0.21530722000726166	53.54057469651336	42.01290240101593	11.527672295497428
136	2	0.6819137366785637	0.3180862633214363	502.9297095526758	342.95467752772987	159.9750320249459
137	2	0.7184798854613972	0.2815201145386028	2865.1023589124475	2058.5184146665943	806.5839442458533
138	2	0.6889501212783882	0.31104987872161183	918.3004171369471	632.6631837564942	285.6372333804529
139	2	0.719881608356473	0.28011839164352703	527.7815351371498	379.9402203753798	147.84131476177006
140	2	0.7706531593519064	0.22934684064809363	765.6644392227288	590.0617190904017	175.60272013232716
141	2	0.45254220711393955	0.5474577928860604	35.305006998992226	15.977005789497026	19.328001209495202
142	2	0.6018204422578104	0.3981795577421896	138.7817635536883	83.52170231919956	55.26006123448874
143	2	0.4435463071142739	0.5564536928857261	32.07166798992799	14.225269899927627	17.84639809000036
144	2	0.610725989436285	0.389274010563715	12.748183353883583	7.785646892315729	4.962536461567854
145	2	0.4332481547964527	0.5667518452035474	518.9166299836068	224.81967243359122	294.0969575500156
146	2	0.7976124759139654	0.20238752408603455	56.420869423060815	45.00198935374608	11.418880069314731
147	2	0.6494532244391601	0.3505467755608399	7.47896405786694	4.857237322846269	2.6217267350206708
148	2	0.6969336216123496	0.3030663783876504	1262.0854806987231	879.5898048477243	382.49567585099885
149	2	0.7592660306635014	0.2407339693364986	7762.33044850962	5893.673828338336	1868.6566201712842
150	2	0.6237368613470026	0.37626313865299743	539.3303268208392	336.40020528048336	202.93012154035586
151	2	0.6341821044504913	0.3658178955495087	50.67552564034279	32.13751149472742	18.53801414561537
152	2	0.8099368985119103	0.1900631014880897	480.4838870531916	389.16162926480905	91.32225778838259
153	2	0.4493768195111978	0.5506231804888022	16.877235738591573	7.584238518349002	9.29299722024257
154	2	0.7581770546894337	0.24182294531056625	83.40682521475959	63.23714108232283	20.169684132436767
155	2	0.5949783233460164	0.4050216766539836	68.74302786310174	40.900611459716764	27.84241640338498
156	2	0.657985182793871	0.34201481720612903	192.45641943809224	126.63347232382702	65.82294711426522
157	2	0.6938467898813304	0.3061532101186696	3247.9258983769464	2253.5629583612804	994.3629400156659
158	2	0.8766463003972244	0.12335369960277565	126.98349389386956	111.31961013357429	15.663883760295281
159	2	0.5377583169036574	0.4622416830963426	97.75872391463865	52.5705668349854	45.18815707965325
160	2	0.6748738556873791	0.3251261443126209	1.5468094558495555	1.0439012614828864	0.5029081943666691
161	2	0.8742828215328662	0.12571717846713382	1225.7633985501295	1071.6638826161225	154.09951593400712
162	2	0.40368322118914357	0.5963167788108564	6195.076177520913	2500.848306853769	3694.227870667144
163	2	0.7348730112249968	0.2651269887750032	443.95289996046415	326.24900443601604	117.70389552444809
164	2	0.18766617266154645	0.8123338273384535	779.7035194733808	146.3239753103069	633.3795441630738
165	2	0.8911565031643723	0.10884349683562766	85.82195055490372	76.48078935125366	9.341161203650056
166	2	0.8633540966505711	0.13664590334942894	1889.0062850610552	1630.8813148061386	258.1249702549168
167	2	0.7153807440306871	0.2846192559693129	65.54191795484739	46.88742603173698	18.654491923110417
168	2	0.8650289966712519	0.13497100332874812	4.755984707313756	4.1140646795514355	0.64192002776232
169	2	0.9511005065510307	0.04889949344896927	147.85780964944456	140.6276376551126	7.230171994331959
170	2	0.8339502880541699	0.16604971194583007	147.48222195552106	122.99284148267581	24.489380472845248
171	2	0.7404969441385024	0.2595030558614976	417.78057866185407	309.3652418195182	108.4153368423359
172	2	0.5274084062342944	0.4725915937657056	795.310204807015	419.4532875791381	375.8569172278769
173	2	0.38512627328464955	0.6148737267153505	52.53951759962471	20.23434861331672	32.30516898630799
174	2	0.6209030764920147	0.3790969235079853	28.548408060937245	17.725794393985367	10.822613666951877
175	2	0.4801089178427592	0.5198910821572408	69.14723255505668	33.198202993829874	35.9490295612268
176	2	0.8223543714663394	0.17764562853366062	583.411732089031	479.7711882481635	103.64054384086754
177	2	0.7148941269826709	0.28510587301732915	15.147091139812087	10.82856649672291	4.318524643089177
178	2	0.8062529748685607	0.19374702513143927	40.94172603385034	33.009388411045435	7.932337622804902
179	2	0.7296957426837942	0.2703042573162058	1175.8933807091994	858.0443937535568	317.84898695564254
180	2	0.8409976840582218	0.15900231594177816	77.01633775688225	64.77056168818376	12.24577606869849
181	2	0.637184836746434	0.362815163253566	553.5954054544305	352.74259804805723	200.85280740637327
182	2	0.6173038407165411	0.3826961592834589	18.424545799822464	11.373542885688224	7.051002914134242
183	2	0.6761017341180143	0.32389826588198567	15673.251407448348	10596.712455843437	5076.538951604911
184	2	0.497165233104392	0.502834766895608	1340.1388812951222	666.2704593113485	673.8684219837737
185	2	0.34400733689679475	0.6559926631032053	2139.422092277328	735.9768964624923	1403.4451958148356
186	2	0.3807974756566562	0.6192025243433438	53.942622019998026	20.541214295516408	33.40140772448162
187	2	0.40400168967797734	0.5959983103220227	1987.414402305841	802.9187766219071	1184.4956256839337
188	2	0.5585492962767301	0.4414507037232699	1638.7124961157917	915.3017115053593	723.4107846104324
189	2	0.5852166123321365	0.4147833876678635	10070.382659109691	5893.355224652466	4177.027434457225
190	2	0.4399452289094321	0.5600547710905679	110.53364645200058	48.628750390519635	61.90489606148095
191	2	0.37057245703878805	0.629427542961212	8209.591508411353	3042.2484965567655	5167.3430118545875
192	2	0.7642179101285566	0.23578208987144345	1383.9241217139036	1057.6196000726975	326.30452164120607
193	2	0.7061682865279777	0.2938317134720223	73.85280150740425	52.15250629577451	21.700295211629744
194	2	0.8239932113114402	0.1760067886885598	2.5176829428535266	2.0745536531459146	0.443129289707612
195	2	0.8832072087315094	0.11679279126849063	2704.3727527723245	2388.521510345593	315.8512424267315
196	2	0.4751161972950651	0.524883802704935	299.59204164353787	142.3410315655425	157.25101007799537
197	2	0.6855047615757747	0.31449523842422533	2483.410633073616	1702.3898139198727	781.0208191537432
198	2	0.8204271920742385	0.17957280792576147	81283.98032475695	66687.587738458	14596.392586298954
199	2	0.8579988012820269	0.14200119871797312	2.5380717940382667	2.1776625568525563	0.36040923718571044
200	2	0.548534392037196	0.451465607962804	15283.381103029893	8383.460161623272	6899.920941406621
201	2	0.6428895688364513	0.3571104311635487	5664.953671849261	3641.939623573643	2023.0140482756178
202	2	0.48790485849604653	0.5120951415039534	19.233416617895376	9.384077413349754	9.849339204545622
203	2	0.8252074362603341	0.1747925637396659	104.81159942313832	86.49131125031309	18.320288172825233
204	2	0.8530710659208187	0.14692893407918128	87.58560014541678	74.71674127536531	12.868858870051472
205	2	0.7888365146025172	0.21116348539748275	5766.5498811613825	4548.865109536905	1217.6847716244774
206	2	0.959201714256964	0.04079828574303601	734.5781413736812	704.6086124613295	29.96952891235175
207	2	0.6892053509149383	0.3107946490850617	240.89625897760655	166.02699070275716	74.86926827484938
208	2	0.7514073171882264	0.2485926828117736	15.906336160450104	11.952137380617886	3.9541987798322173
209	2	0.8581411386820125	0.14185886131798753	1004.23305342554	861.7736959687071	142.45935745683283
210	2	0.6852356588986005	0.3147643411013995	137579.80932446945	94274.59129359665	43305.218030872806
211	2	0.28845349767798384	0.7115465023220162	8.453354102180917	2.4383995578846185	6.014954544296299
212	2	0.6908501089539629	0.3091498910460371	607.9612979391417	420.01012892104876	187.95116901809294
213	2	0.7256866590399421	0.2743133409600579	276.9803282330857	201.0009290152545	75.97939921783119
214	2	0.5021856568385714	0.4978143431614286	73.4499524117368	36.88551259664986	36.56443981508694
215	2	0.7078778024135066	0.2921221975864934	76.99690866207143	54.50440249634062	22.492506165730816
216	2	0.97331892050645	0.02668107949355003	114.45458866191802	111.40081668342782	3.0537719784902047
217	2	0.9192665222101805	0.08073347778981954	34.41784391673092	31.639171679306045	2.778672237424871
218	2	0.2944962625177477	0.7055037374822524	4267.507081531519	1256.7648857790537	3010.742195752466
219	2	0.8540052562023714	0.14599474379762856	10.169087763095662	8.684454400466912	1.484633362628751
220	2	0.7330310708985929	0.2669689291014071	254.85706307994172	186.8181458755599	68.0389172043818
221	2	0.2760247001879414	0.7239752998120585	2789.648812308515	770.0119770471047	2019.6368352614102
222	2	0.5541079998336732	0.4458920001663268	113.47726245161871	62.87865892366723	50.59860352795148
223	2	0.8319054173905323	0.16809458260946775	982.2655820327809	817.1520590093347	165.11352302344622
224	2	0.5760889898965322	0.42391101010346777	661.6629768543046	381.1767559879289	280.4862208663757
225	2	0.8313967248625339	0.1686032751374661	319.6047931162757	265.71837824723934	53.88641486903636
226	2	0.446552593294947	0.553447406705053	136.8815842691461	61.12482642970801	75.75675783943808
227	2	0.6148038751595454	0.3851961248404546	3979.4905354530915	2446.606202357295	1532.8843330957966
228	2	0.5662738169878996	0.4337261830121004	937.2746577807721	530.7540980275452	406.52055975322696
229	2	0.7234198020948228	0.2765801979051772	166.34052778313	120.33403168922028	46.00649609390972
230	2	0.8205878846720726	0.17941211532792745	361.02585798953436	296.25344511955205	64.77241286998229
231	2	0.7058849572359839	0.2941150427640161	5619.677968262625	3966.8461423070635	1652.831825955561
232	2	0.8017997909978889	0.1982002090021111	3.577533727004577	2.8684657946001684	0.7090679324044086
233	2	0.33738484538242103	0.6626151546175789	21377.412784778004	7212.4151070685175	14164.997677709485
234	2	0.8471897474606762	0.1528102525393238	42.1579105189124	35.71574956598718	6.442160952925219
235	2	0.28400459098677877	0.7159954090132212	338.53454372938467	96.14536462675966	242.389179102625
236	2	0.694936345104937	0.30506365489506304	19.42585272863738	13.499731095786029	5.926121632851353
237	2	0.4714489100047365	0.5285510899952635	114.4786113100966	53.97081652100094	60.50779478909565
238	2	0.7843576713398748	0.21564232866012523	11631.907924739267	9123.576213088327	2508.33171165094
239	2	0.7794419748854347	0.22055802511456535	62.00472504966081	48.329085344936004	13.675639704724809
240	2	0.7377376673980143	0.2622623326019857	14228.414774464009	10496.837526484522	3731.5772479794878
241	2	0.8741228183356369	0.12587718166436312	2322.9988923658366	2030.5863387853879	292.41255358044873
242	2	0.4090507386474276	0.5909492613525724	384.42907069006486	157.25099532331518	227.17807536674968
243	2	0.9414342562048411	0.05856574379515889	5.304752595619262	4.994075814207521	0.3106767814117418
244	2	0.4374913311343629	0.5625086688656371	351.22444207307717	153.65764868947446	197.56679338360271
245	2	0.3438045930153315	0.6561954069846685	149.40235374505266	51.36521542485042	98.03713832020225
246	2	0.2898404941149219	0.710159505885078	2726.8883928887335	790.3626791911158	1936.5257136976174
247	2	0.8176831655391867	0.18231683446081326	7624.834696945229	6234.6989717112	1390.1357252340285
248	2	0.7143598653924782	0.2856401346075218	2.6668528026838585	1.9050926091467943	0.7617601935370641
249	2	0.44447954969970827	0.5555204503002917	743.4865109744621	330.4645496057361	413.021961368726
250	2	0.6055380094321094	0.39446199056789055	206.38868290662884	124.97619221659487	81.41249069003398
251	2	0.72200561397559615	0.27799438602440385	19.62361656028429	14.168361323029735	5.455255237254555
252	2	0.7573140094800381	0.24268599051996187	801.3944492980979	606.9072435729896	194.48720572510825
253	2	0.6590274372217316	0.3409725627782684	121.97589880446175	80.38546399192171	41.590434812540046
254	2	0.5611221779984364	0.43887782200156356	310.6259621578119	174.2991164288513	136.3268457289606
255	2	0.8141819152034097	0.18581808479659034	791.533519762899	644.452277068253	147.081242694646
256	2	0.68184988706794325	0.31815011293205675	150.13361451152156	102.3685880997831	47.76502641173846
257	2	0.685680476662258	0.31431952333774205	97.7507065016709	67.02575102813819	30.72495547353272
258	2	0.8360496518562974	0.16395034814370257	29.341055250123883	24.53057902696246	4.810476223161423
259	2	0.6040935538023143	0.39590644619768567	56.67819089453872	34.23892976056787	22.439261133970852
260	2	0.46350377856306874	0.5364962214369313	39.6164849236215	18.36239045548541	21.254094468136092
261	2	0.9472583846603332	0.052741615339666814	118.68681829887159	112.42708378226357	6.259734516608013
262	2	0.7116876460098105	0.2883123539901895	310.76362818624204	221.16663500933458	89.59699317690745
263	2	0.5164121933231876	0.48358780667681245	269.3771323372773	139.10963574140393	130.26749659587338
264	2	0.7318515780621822	0.26814842193781785	5316.443087033198	3890.847262923025	1425.5958241101728
265	2	0.7843605952543036	0.21563940474569643	306.0550882485392	240.05755119923262	65.99753704930659
266	2	0.7131046161859804	0.2868953838140196	143.76085083622456	102.5165263581359	41.244324478088664
267	2	0.8284577450372651	0.1715422549627349	24002.154116769518	19884.770475615784	4117.383641153734
268	2	0.4477485551358411	0.5522514448641589	363.89705256548353	162.93437950438647	200.96267306109706
269	2	0.4890907503540449	0.5109092496459551	17.517244544552767	8.567522278430612	8.949722266122155
270	2	0.8467072293811856	0.1532927706188144	13.277312914994553	11.241996831882071	2.035316083112482
271	2	0.5255504417915932	0.47444955820840684	129.75376186027702	68.19214686978977	61.561614990487264
272	2	0.8544461843566018	0.1455538156433982	377.4754094898459	322.5324233270446	54.942986162801276
273	2	0.525211236548159	0.47478876345184096	13.509155563105617	7.095160298020143	6.413995265085474
274	2	0.42476321078919294	0.575236789210807	1879.8280738674925	798.4818083876203	1081.3462654798723
275	2	0.756789622544988	0.24321037745501195	652.1600844278759	493.5479841330797	158.61210029479614
276	2	0.8935418497041119	0.10645815029588812	2512.1309918393363	2244.6941731471456	267.43681869219057
277	2	0.3682613271288381	0.6317386728711619	13.79943426633822	5.081797976548877	8.717636289789343
278	2	0.8227327148235504	0.17726728517644963	12.257600980246442	10.084729331701968	2.172871648544475
279	2	0.1642132416718365	0.8357867583281635	117.242822965829	19.25282402197602	97.98999894385298
280	2	0.4123373044735419	0.5876626955264581	6.036182935998082	2.488943401138639	3.5472395348594428
281	2	0.7129818177839331	0.2870181822160669	278.4452384908416	198.526392292481	79.91884619836057
282	2	0.5396271606804228	0.4603728393195772	516.3279383262346	278.62457933896246	237.70335898727217
283	2	0.738052082000318	0.261947917999682	840.9445229512314	620.6608560109206	220.28366694031084
284	2	0.23138612672039294	0.7686138732796071	119.99877800805712	27.766052454464607	92.23272555359252
285	2	0.770029377501277	0.22997062249872302	739.8584140343581	569.7127139979589	170.1457000363993
286	2	0.7904639516320987	0.2095360483679013	6568.908181554282	5192.4851190998215	1376.4230624544607
287	2	0.6169851777951114	0.3830148222048886	2847.9922285367984	1757.1689914828721	1090.8232370539263
288	2	0.7723990840128944	0.22760091598710563	187.47642504350674	144.80661897761667	42.669806065890086
289	2	0.6777839662452863	0.32221603375471375	1014.6465844447696	687.7111863422087	326.9353981025609
290	2	0.467034645283226	0.532965354716774	18.16239699149542	8.482468636416195	9.679928355079225
291	2	0.7190451292303737	0.28095487076962633	9.182535269364873	6.602657259422929	2.579878009941944
292	2	0.5368159179432282	0.46318408205677175	92.09369129217438	49.43735942778888	42.65633186438551
293	2	0.8361974955889833	0.16380250441101674	23.115395604263046	19.32903591383335	3.7863596904296943
294	2	0.7492836011795242	0.2507163988204758	965.1004871208578	723.1339684900294	241.96651863082846
295	2	0.6305896355873325	0.3694103644126675	510.8674913958808	322.1477452327432	188.71974616313761
296	2	0.44964187153496127	0.5503581284650387	235.99622242115132	106.11378312462746	129.88243929652384
297	2	0.6711532678427568	0.32884673215724325	205.90611871870698	138.19456444687881	67.71155427182816
298	2	0.6445764871491081	0.3554235128508919	372.6029460157635	240.1710980442496	132.43184797151392
299	2	0.7809207938215444	0.21907920617845555	68.91666973526706	53.81846043720196	15.0982092980651
300	2	0.7333116549036508	0.2666883450963492	222.71651148035613	163.32061360802788	59.395897872328234
1	3	0.9514696109341713	0.04853038906582874	72.42600020163562	68.91113823336845	3.514861968267167
2	3	0.5995425959114045	0.40045740408859554	47.02724021730305	28.194833678431074	18.83240653887198
3	3	0.9768734725326432	0.023126527467356772	4730.291610648264	4620.896391786	109.39521886226439
4	3	0.8933125115534198	0.10668748844658016	193.6890448133073	173.02484708255844	20.66419773074887
5	3	0.9622634143162765	0.03773658568372351	431.3170744691395	415.0406407315819	16.27643373755764
6	3	0.8270648889551163	0.17293511104488368	1675.1473348928077	1385.455544516579	289.69179037622865
7	3	0.8237876392446956	0.17621236075530444	873.9734087147191	719.9684911277378	154.0049175869812
8	3	0.993893315091378	0.006106684908621984	2377.539654947375	2363.0207694168575	14.518885530517453
9	3	0.6239433685467201	0.37605663145327994	250.8340317762402	156.50623073262233	94.32780104361788
10	3	0.3026914807534694	0.6973085192465306	1244.5792227609973	376.7235278525283	867.855694908469
11	3	0.8184684030250218	0.18153159697497823	5021.516548559228	4109.95263026299	911.5639182962375
12	3	0.9478376865304206	0.05216231346957945	26366.420914720045	24991.087401895544	1375.3335128245026
13	3	0.921515759009188	0.07848424099081197	14.00047761669256	12.901660757437593	1.0988168592549676
14	3	0.7983560508959182	0.2016439491040818	566.979113166174	452.65120572781655	114.32790743835741
15	3	0.6572563647672933	0.3427436352327067	6582.138447472807	4326.152388381012	2255.986059091794
16	3	0.9246104494571696	0.07538955054283036	589.0185863824494	544.6127398937032	44.40584648874616
17	3	0.6990362898638242	0.30096371013617584	27.77368995534868	19.4148171822151	8.358872773133578
18	3	0.9971529485942626	0.0028470514057373775	313.61528218140853	312.7224033514132	0.8928788299953034
19	3	0.853792648165252	0.14620735183474798	73.01592353632279	62.34045871430859	10.675464822014202
20	3	0.8474589146319044	0.15254108536809563	164.1358832989649	139.0984175126897	25.037465786275188
21	3	0.9913670227605474	0.008632977239452555	3825.166458881327	3792.143883904687	33.022574976639824
22	3	0.948360221559756	0.05163977844024403	19.027905132168197	18.04530832696105	0.9825968052071481
23	3	0.5899907695997728	0.4100092304002272	505.78803157196376	298.4102700014971	207.37776157046667
24	3	0.8813769285094347	0.11862307149056528	253.52584292292306	223.45182873317134	30.074014189751725
25	3	0.6813264823415716	0.31867351765842844	14.396843865013468	9.80895098737046	4.587892877643006
26	3	0.9758350531947021	0.024164946805297904	613.8651550551168	599.031136237584	14.834018817532847
27	3	0.8555239205695174	0.14447607943048257	1746.1930734231362	1493.9099442462966	252.2831291768395
28	3	0.6048172196299983	0.39518278037000165	2496.3611924370384	1509.842235601997	986.5189568350415
29	3	0.9283768875002111	0.07162311249978892	130.75607139234606	121.39091458098163	9.365156811364434
30	3	0.9427379418557181	0.05726205814428187	143.75120440310366	135.51971457826258	8.23148982484107
31	3	0.8825887489487844	0.11741125105121564	376.8362668398696	332.5914493087308	44.244817531138814
32	3	0.9806154607628099	0.01938453923719008	287.71891797069867	282.14161931601376	5.577298654684882
33	3	0.8885361272562016	0.11146387274379843	397.2863486384664	353.00327363098006	44.28307500748635
34	3	0.9336563959738349	0.06634360402616513	10.83175714555725	10.113139338584814	0.7186178069724348
35	3	0.9361905391794013	0.06380946082059868	6.702669405986465	6.274975685131746	0.4276937208547188
36	3	0.8931608302339366	0.10683916976606345	24585.99128348633	21959.24438688298	2626.7468966033525
37	3	0.9044532897903996	0.09554671020960037	17.130917758970128	15.494114924229313	1.6368028347408154
38	3	0.7414777656641235	0.2585222343358765	197.25579976172693	146.26078967161504	50.995010090111904
39	3	0.831892481752129	0.16810751824787096	92.98871047473746	77.35660913175954	15.632101342977917
40	3	0.792960855210992	0.20703914478900798	56.42068884124349	44.73939767514571	11.681291166097777
41	3	0.5629185446954351	0.4370814553045649	4.202468923046841	2.3656476902893204	1.8368212327575208
42	3	0.9314765399371513	0.0685234600628487	187.3047338189557	174.46996537152998	12.834768447425718
43	3	0.9296658518260715	0.07033414817392847	150.7392974938387	140.13717740827317	10.602120085565536
44	3	0.4702067935607589	0.5297932064392411	197.97737334871096	93.09030591987862	104.88706742883234
45	3	0.7888848468647305	0.21111515313526952	4821.5178317674745	3803.6223563694516	1017.895475398023
46	3	0.452829051509373	0.547170948490627	871.1087431779247	394.46334593478167	476.645397243143
47	3	0.47485018596210277	0.5251498140378972	1790.6994776969923	850.313979986657	940.3854977103351
48	3	0.9923659624348145	0.0076340375651855474	139.02350763058587	137.9621969508901	1.061310679695752
49	3	0.9422922137268883	0.05770778627311168	641.6240060784681	604.5973050679942	37.02670101047395
50	3	0.86859335119774	0.13140664880226005	67368.55554727715	58515.87942816056	8852.676119116597
51	3	0.5172866783425212	0.4827133216574788	1318.9346281373762	682.2673127401117	636.6673153972645
52	3	0.9416725072791163	0.05832749272088367	1.5626865064491182	1.4715389206191842	0.09114758582993407
53	3	0.6356161053867274	0.3643838946132726	485.4138971336654	308.5368907966939	176.87700633697148
54	3	0.9851965404747746	0.014803459525225438	2792.1875515275187	2750.8535161216428	41.33403540587594
55	3	0.9851668855493011	0.014833114450698903	233.22452493002558	229.76507885902862	3.459446070996949
56	3	0.7580825696127341	0.24191743038726587	157.54839008428903	119.43468839344723	38.1137016908418
57	3	0.9013822289088363	0.09861777109116365	2184.1250799093286	1968.731532744361	215.39354716496769
58	3	0.8186086680741747	0.18139133192582535	96.92465052861601	79.3433590727852	17.58129145583081
59	3	0.5350021425799342	0.46499785742006583	465.12278345488	248.84168571110357	216.28109774377643
60	3	0.9568656498883961	0.043134350111603936	15.442774550106128	14.776660505967284	0.6661140441388447
61	3	0.8812773052279401	0.11872269477205988	2734.6008001517393	2409.9416240318938	324.65917611984565
62	3	0.9850077248565783	0.014992275143421718	770.5635557495525	759.0110549062618	11.552500843290671
63	3	0.561916178980976	0.438083821019024	392.6566993955683	220.64015217563946	172.01654721992884
64	3	0.9502976852931491	0.049702314706850936	132.71026680746454	126.11425936176978	6.596007445694756
65	3	0.9277966597401559	0.0722033402598441	2702.803910025377	2507.6524396541777	195.15147037119934
66	3	0.8208237723215831	0.1791762276784169	87.91877793674894	72.16582296394583	15.752954972803105
67	3	0.7796857623065745	0.2203142376934255	38.00126729846705	29.629047062221183	8.372220236245868
68	3	0.8923184902222905	0.10768150977770952	71.02279382723064	63.37495215928346	7.6478416679471835
69	3	0.8576085657735919	0.1423914342264081	190.61453394183832	163.4726570694616	27.141876872376706
70	3	0.8676792903265289	0.1323207096734711	52.29040023396617	45.371297365897924	6.919102868068242
71	3	0.8579435285053074	0.14205647149469258	109.8635763170309	94.25674431964562	15.606831997385283
72	3	0.9276383674012811	0.07236163259871886	2495.5100312715495	2314.9308512422604	180.5791800292893
73	3	0.9701038627096221	0.029896137290377878	363.72407311081935	352.85012828528284	10.873944825536496
74	3	0.9342856675511894	0.06571433244881064	983.7545754399331	919.1078002214348	64.64677521849833
75	3	0.9929615871229559	0.007038412877044098	141.4354234344433	140.43994252887214	0.9954809055711703
76	3	0.8998787598772899	0.10012124012271006	4260.797949959854	3834.2015752975726	426.59637466228133
77	3	0.6961889456607305	0.30381105433926947	737.5117847312773	513.4475518244316	224.0642329068457
78	3	0.959145385036334	0.04085461496366605	44.43633340177734	42.620904110250635	1.8154292915267058
79	3	0.28104401144732183	0.7189559885526782	14.1606513774063	3.97976626781331	10.18088510959299
80	3	0.939046583732172	0.06095341626782802	182.27740589806095	171.16697530013658	11.11043059792436
81	3	0.9566394732495301	0.04336052675046986	727.6758270014851	696.123419839117	31.552407162368176
82	3	0.2826684883685017	0.7173315116314982	15.432606417316368	4.362311527568857	11.07029488974751
83	3	0.7036341865592403	0.29636581344075974	52.106641773351996	36.66401449852626	15.442627274825735
84	3	0.7970566253106649	0.2029433746893351	9569.07888652092	7627.097724621899	1941.9811618990204
85	3	0.9687386102489498	0.031261389751050195	372.4006438690951	360.7588821975613	11.641761671533823
86	3	0.8014063679909949	0.19859363200900515	2096.08420011621	1679.8152258184416	416.2689742977685
87	3	0.8943496833072622	0.10565031669273783	32.37900473623019	28.958152631651814	3.420852104578378
88	3	0.77495194153202	0.22504805846798004	2714.727097826481	2103.783035190217	610.9440626362637
89	3	0.881152991478296	0.11884700852170405	223.12864969799045	196.61047716589707	26.518172532093388
90	3	0.32041960961276506	0.679580390387235	12365.470777414528	3962.1393191772177	8403.331458237311
91	3	0.8175518346882386	0.18244816531176145	99.19149945244845	81.09419236282665	18.09730708962181
92	3	0.6946148333883135	0.30538516661168646	2129.8381256790567	1479.417154812636	650.4209708664207
93	3	0.774854079813942	0.22514592018605795	299.3822460504065	231.9775547760189	67.40469127438757
94	3	0.8797028713015802	0.1202971286984198	32462.493082570774	28557.348374345194	3905.144708225579
95	3	0.9215651297871761	0.07843487021282392	3.1873229486666492	2.9373256868616253	0.24999726180502385
96	3	0.731993951564135	0.26800604843586495	286.7138525768319	209.87280591589206	76.84104666093987
97	3	0.737361702734899	0.262638297265101	31.9191930697958	23.53599055186862	8.383202517927181
98	3	0.7338978836357534	0.26610211636424663	22517.736081738203	16525.71885465611	5992.017227082094
99	3	0.4662989689560193	0.5337010310439807	2117.023203199467	987.1657369078807	1129.8574662915862
100	3	0.7330113369760174	0.2669886630239826	2101.208775041314	1540.2098534587733	560.9989215825407
101	3	0.6880498481763295	0.3119501518236705	203.6209238785415	140.10134576015443	63.519578118387074
102	3	0.5832602563070434	0.41673974369295663	758.5720176632462	442.44490944961603	316.1271082136302
103	3	0.774407854666238	0.22559214533376204	43.84689016597105	33.9553761472158	9.891514018755242
104	3	0.565803891903449	0.43419610809655096	254.3589923321621	143.91730780217688	110.44168452998524
105	3	0.8741955101054112	0.1258044898945888	1175.016606636924	1027.194241821295	147.82236481562896
106	3	0.9481596454555441	0.0518403545444559	8207.727014996628	7782.235536535094	425.4914784615339
107	3	0.9968855161086796	0.0031144838913204076	1744.8081864450066	1739.3740094548798	5.434176990126947
108	3	0.819513139543468	0.18048686045653195	221.29194399614892	181.3516557799613	39.94028821618761
109	3	0.6651151281812835	0.3348848718187165	113.25391143138332	75.32688981871624	37.927021612667076
110	3	0.7385935484930787	0.2614064515069213	21.96252535354639	16.221379534745036	5.741145818801354
111	3	0.5855350703577413	0.4144649296422587	5128.622353152817	3002.988250391619	2125.6341027611975
112	3	0.9099188754859047	0.09008112451409533	999.1506337136971	909.1460210697962	90.0046126439008
113	3	0.9505359533050757	0.049464046694924324	19.773571500817273	18.795490636775423	0.9780808640418505
114	3	0.6669401471257733	0.3330598528742267	128.66039406726145	85.80878214847932	42.851611918782126
115	3	0.8273494299880094	0.17265057001199058	5170.203615070508	4277.565013850531	892.6386012199775
116	3	0.9624124718486289	0.03758752815137112	385.94701180866383	371.4402176373681	14.506794171295713
117	3	0.6800563343723843	0.31994366562761567	759.4331845590845	516.4573476919974	242.97583686708705
118	3	0.8085402886378421	0.1914597113621579	48223.5336986076	38990.6698558089	9232.863842798706
119	3	0.9601707159356812	0.03982928406431885	19.184833390609526	18.42071521176831	0.7641181788412161
120	3	0.6980170866536997	0.30198291334630034	38.39720681680727	26.801906437907387	11.595300378899882
121	3	0.6112715618626191	0.3887284381373809	675.3971429832465	412.8510664689197	262.5460765143267
122	3	0.8842286096831116	0.11577139031688843	3.3111662914065074	2.9278279662799607	0.3833383251265467
123	3	0.7307715313323111	0.2692284686676889	18.235017256258732	13.325631484227312	4.9093857720314205
124	3	0.6521714200742899	0.34782857992571015	3579.4152449953444	2334.392323364176	1245.0229216311686
125	3	0.7178427892518205	0.28215721074817945	7193.481835935738	5163.789065540417	2029.6927703953208
126	3	0.925536234952593	0.07446376504740704	41.80059520975665	38.687965509215566	3.1126297005410875
127	3	0.840464559156685	0.15953544084331495	11627.37291876955	9772.394854324028	1854.9780644455218
128	3	0.9165806101763786	0.0834193898236214	338.0629272061057	309.861924096585	28.201003109520677
129	3	0.8263751608231592	0.1736248391768408	64.71944071900377	53.48253823255166	11.236902486452111
130	3	0.975237093597231	0.024762906402769014	49.41994364967105	48.196162210644125	1.223781439026923
131	3	0.9626120722674759	0.037387927732524084	582.6986055250318	560.9127121718193	21.785893353212447
132	3	0.9738175025933606	0.02618249740663936	95.31747942253315	92.82182976474527	2.495649657787875
133	3	0.8544239690671732	0.14557603093282678	4.898361154666459	4.185277179694578	0.7130839749718815
134	3	0.9860984161506763	0.013901583849323718	192.23620874890662	189.56382097410759	2.672387774799023
135	3	0.9825503004284795	0.01744969957152054	53.54057469651336	52.60630775317265	0.9342669433407126
136	3	0.9480927877263802	0.05190721227361983	502.9297095526758	476.8240303602151	26.10567919246071
137	3	0.7437397199975877	0.2562602800024123	2865.1023589124475	2130.8904261819716	734.2119327304757
138	3	0.2711294140717841	0.7288705859282159	918.3004171369471	248.97825404021538	669.3221630967316
139	3	0.4310929199607682	0.5689070800392317	527.7815351371498	227.5228830836507	300.2586520534991
140	3	0.8599703782664503	0.14002962173354971	765.6644392227288	658.4487374235396	107.21570179918918
141	3	0.9100936046816344	0.08990639531836564	35.305006998992226	32.13086108302316	3.174145915969061
142	3	0.9648963937124593	0.03510360628754072	138.7817635536883	133.91002316600907	4.8717403876792424
143	3	0.8804960791534925	0.11950392084650752	32.07166798992799	28.238977917044163	3.832690072883823
144	3	0.8433290828880166	0.15667091711198344	12.748183353883583	10.75091377631892	1.9972695775646618
145	3	0.8560345030005294	0.1439654969994706	518.9166299836068	444.21053944672644	74.70609053688032
146	3	0.34568769241722763	0.6543123075827724	56.420869423060815	19.504000155031612	36.9168692680292
147	3	0.7967832515050642	0.20321674849493576	7.47896405786694	5.95911329991673	1.51985075795021
148	3	0.7112672387911195	0.2887327612088805	1262.0854806987231	897.6800549749436	364.40542572377956
149	3	0.6584057555477205	0.3415942444522795	7762.33044850962	5110.763043762053	2651.5674047475673
150	3	0.36437255612772546	0.6356274438722745	539.3303268208392	196.51716978091076	342.81315703992846
151	3	0.9276318384229925	0.07236816157700754	50.67552564034279	47.008231012802675	3.6672946275401155
152	3	0.6601375144490255	0.33986248555097454	480.4838870531916	317.18543893210017	163.2984481210914
153	3	0.862611274674796	0.13738872532520396	16.877235738591573	14.558493833453499	2.3187419051380735
154	3	0.7981270370992073	0.2018729629007927	83.40682521475959	66.56924228250753	16.837582932252065
155	3	0.9512578722228999	0.048742127777100075	68.74302786310174	65.3923464152137	3.3506814478880558
156	3	0.8758170961738826	0.12418290382611741	192.45641943809224	168.5566224122927	23.899797025799522
157	3	0.990157843286368	0.009842156713631978	3247.9258983769464	3215.9593026908565	31.966595686089835
158	3	0.9342990458976705	0.06570095410232946	126.98349389386956	118.640557189795	8.342936704074557
159	3	0.9658474708115783	0.03415252918842171	97.75872391463865	94.42001624272109	3.338707671917556
160	3	0.9483221093067662	0.05167789069323381	1.5468094558495555	1.4668736058669016	0.0799358499826538
161	3	0.9495082449265174	0.05049175507348258	1225.7633985501295	1163.8724532524968	61.890945297632754
162	3	0.9261278782965086	0.07387212170349144	6195.076177520913	5737.432756172688	457.64342134822544
163	3	0.8654486781469888	0.13455132185301122	443.95289996046415	384.21845043030606	59.7344495301581
164	3	0.8222596326656639	0.17774036733433607	779.7035194733808	641.1187295103074	138.58478996307335
165	3	0.8472668823034791	0.15273311769652087	85.82195055490372	72.71409647985662	13.107854075047104
166	3	0.9420688902907981	0.0579311097092019	1889.0062850610552	1779.5740547198113	109.43223034124391
167	3	0.9543589223602146	0.04564107763978542	65.54191795484739	62.55051418880976	2.991403766037636
168	3	0.8091532115475966	0.19084678845240344	4.755984707313756	3.8483202999941817	0.9076644073195742
169	3	0.9639472799486056	0.03605272005139437	147.85780964944456	142.52713343074078	5.330676218703782
170	3	0.2518694507842878	0.7481305492157122	147.48222195552106	37.14626624438352	110.33595571113753
171	3	0.8974134617180456	0.10258653828195441	417.78057866185407	374.9219153355027	42.858663326351355
172	3	0.775696702196936	0.22430329780306402	795.310204807015	616.9195030923713	178.3907017146437
173	3	0.9324531533520674	0.06754684664793265	52.53951759962471	48.9906388613665	3.5488787382582085
174	3	0.8942726735317046	0.10572732646829541	28.548408060937245	25.530061201728415	3.0183468592088283
175	3	0.7100467734593601	0.28995322654063993	69.14723255505668	49.09776936936201	20.04946318569466
176	3	0.6041886278379125	0.3958113721620875	583.411732089031	352.4907338754115	230.92099821361955
177	3	0.7112521244621586	0.2887478755378414	15.147091139812087	10.773400752613286	4.373690387198801
178	3	0.5890164174001821	0.41098358259981793	40.94172603385034	24.11534879063829	16.826377243212047
179	3	0.8935066375290721	0.10649336247092789	1175.8933807091994	1050.6685406901697	125.22484001902957
180	3	0.766607164749087	0.23339283525091303	77.01633775688225	59.04127632716156	17.975061429720693
181	3	0.7950513966345993	0.20494860336540066	553.5954054544305	440.1368002770423	113.45860517738825
182	3	0.9473748476118651	0.05262515238813492	18.424545799822464	17.454951269424637	0.9695945303978284
183	3	0.8918867951310553	0.10811320486894471	15673.251407448348	13978.765967072408	1694.4854403759393
184	3	0.9799667865390518	0.020033213460948218	1340.1388812951222	1313.2915930188208	26.84728827630153
185	3	0.5602490203272067	0.4397509796727933	2139.422092277328	1198.6091312647557	940.8129610125721
186	3	0.6547059139534818	0.34529408604651823	53.942622019998026	35.31655365065002	18.62606836934801
187	3	0.9295800746723437	0.07041992532765629	1987.414402305841	1847.4608285003549	139.95357380548597
188	3	0.6870263550339344	0.3129736449660656	1638.7124961157917	1125.8386731549926	512.873822960799
189	3	0.6488756465275534	0.35112435347244664	10070.382659109691	6534.426058709663	3535.9566004000285
190	3	0.9693070455771564	0.030692954422843588	110.53364645200058	107.14104227925863	3.3926041727419607
191	3	0.9368115682736257	0.06318843172637434	8209.591508411353	7690.84029588068	518.7512125306733
192	3	0.9589979321197204	0.0410020678802796	1383.9241217139036	1327.1803709342337	56.7437507796698
193	3	0.6185410398651137	0.38145896013488634	73.85280150740425	45.680988641341656	28.17181286606259
194	3	0.9550943171789902	0.04490568282100982	2.5176829428535266	2.4046246711778796	0.11305827167564705
195	3	0.9546979630604282	0.0453020369395718	2704.3727527723245	2581.859158427861	122.51359434446331
196	3	0.9131807419167988	0.08681925808320123	299.59204164353787	273.5816828604144	26.010358783123486
197	3	0.6350890931633953	0.36491090683660465	2483.410633073616	1577.1870069110562	906.2236261625596
198	3	0.5341648414904392	0.4658351585095608	81283.98032475695	43419.044465885774	37864.93585887118
199	3	0.9381877644860102	0.061812235513989844	2.5380717940382667	2.3811879025537586	0.15688389148450807
200	3	0.9381604501195584	0.0618395498804416	15283.381103029893	14338.263694967278	945.1174080626157
201	3	0.7671947321476584	0.23280526785234157	5664.953671849261	4346.122614903288	1318.8310569459732
202	3	0.9577344035783901	0.042265596421609875	19.233416617895376	18.420504793314723	0.8129118245806507
203	3	0.3413371030844443	0.6586628969155557	104.81159942313832	35.77608771674125	69.03551170639707
204	3	0.9740246985026586	0.025975301497341396	87.58560014541678	85.310537774814	2.275062370602789
205	3	0.6377936149777056	0.3622063850222944	5766.5498811613825	3677.8686946551766	2088.681186506206
206	3	0.9148568452875278	0.08514315471247225	734.5781413736812	672.0338410343015	62.544300339379646
207	3	0.8700348818665956	0.1299651181334044	240.89625897760655	209.58814822168674	31.308110755919813
208	3	0.9244702411267345	0.07552975887326552	15.906336160450104	14.704934425694203	1.2014017347559005
209	3	0.7404240363842708	0.2595759636157292	1004.23305342554	743.5582908878393	260.67476253770064
210	3	0.4941233688408719	0.5058766311591281	137579.80932446945	67981.39886789164	69598.4104565778
211	3	0.472107439854765	0.527892560145235	8.453354102180917	3.9908913633664085	4.462462738814509
212	3	0.7683103234516409	0.23168967654835915	607.9612979391417	467.10294146570135	140.85835647344035
213	3	0.8286253391283691	0.1713746608716309	276.9803282330857	229.5129184140276	47.46740981905807
214	3	0.7478449496333397	0.2521550503666603	73.4499524117368	54.929175961926504	18.520776449810295
215	3	0.8218037697836789	0.17819623021632114	76.99690866207143	63.2763498001799	13.720558861891533
216	3	0.7863287468242453	0.21367125317575475	114.45458866191802	89.99893327081047	24.455655391107555
217	3	0.8652749413653482	0.13472505863465178	34.41784391673092	29.78089787697105	4.636946039759866
218	3	0.8737827980569716	0.12621720194302843	4267.507081531519	3728.874278428552	538.6328031029677
219	3	0.9834472417918426	0.01655275820815738	10.169087763095662	10.000761312155609	0.1683264509400545
220	3	0.8413107001670664	0.15868929983293356	254.85706307994172	214.41397418230798	40.443088897633736
221	3	0.628810343425479	0.37118965657452097	2789.648812308515	1754.160027704197	1035.488784604318
222	3	0.7268006051752572	0.27319939482474276	113.47726245161871	82.47534302346797	31.00191942815074
223	3	0.9421012131799308	0.057898786820069215	982.2655820327809	925.3935964979737	56.871985534807195
224	3	0.8847939864405098	0.11520601355949023	661.6629768543046	585.4354229710149	76.22755388328969
225	3	0.9874045718215396	0.012595428178460377	319.6047931162757	315.57923389908797	4.025559217187738
226	3	0.7247028421898551	0.27529715781014485	136.8815842691461	99.19847316330033	37.683111105845754
227	3	0.9699018107169308	0.030098189283069177	3979.4905354530915	3859.715076066842	119.77545938624945
228	3	0.5857427900164448	0.4142572099835552	937.2746577807721	549.001873060218	388.27278472055417
229	3	0.9506404171223559	0.04935958287764408	166.34052778313	158.13002871610755	8.210499067022463
230	3	0.9553446320900159	0.044655367909984145	361.02585798953436	344.904115475994	16.121742513540347
231	3	0.9535124365455374	0.04648756345446259	5619.677968262625	5358.432832119371	261.2451361432542
232	3	0.9962749661271257	0.0037250338728742616	3.577533727004577	3.5642072926901345	0.01332643431444215
233	3	0.9039032002844185	0.0960967997155815	21377.412784778004	19323.11182996188	2054.300954816123
234	3	0.833096113796401	0.16690388620359897	42.1579105189124	35.121591419082336	7.036319099830064
235	3	0.9764009587294618	0.023599041270538246	338.53454372938467	330.54545306041206	7.989090668972583
236	3	0.9883035859004144	0.01169641409958555	19.42585272863738	19.198639910885674	0.22721281775170668
237	3	0.6992559986127543	0.30074400138724566	114.4786113100966	80.04985567144296	34.42875563865365
238	3	0.6077752164091712	0.3922247835908288	11631.907924739267	7069.585356209962	4562.3225685293055
239	3	0.6116748204542499	0.3883251795457501	62.00472504966081	37.92672906206641	24.077995987594402
240	3	0.9526487989939942	0.04735120100600576	14228.414774464009	13554.682246481541	673.7325279824674
241	3	0.7509870951690287	0.24901290483097127	2322.9988923658366	1744.5421902586909	578.4567021071457
242	3	0.7122808144480605	0.28771918555193954	384.42907069006486	273.82145156863044	110.60761912143445
243	3	0.9843360404872692	0.015663959512730807	5.304752595619262	5.221659165736428	0.08309342988283377
244	3	0.7969933187203236	0.20300668127967636	351.22444207307717	279.92353370351583	71.30090836956133
245	3	0.884464607445317	0.11553539255468304	149.40235374505266	132.1410941565244	17.26125958852828
246	3	0.8354115825115849	0.16458841748841513	2726.8883928887335	2278.0741476356493	448.81424525308427
247	3	0.7939980673095672	0.20600193269043277	7624.834696945229	6054.1040129294415	1570.7306840157873
248	3	0.8758838847568242	0.12411611524317578	2.6668528026838585	2.3358533928893626	0.3309994097944961
249	3	0.9345684085113267	0.06543159148867328	743.4865109744621	694.8390053110421	48.64750566342001
250	3	0.9895841412926487	0.010415858707351289	206.38868290662884	204.23896754667706	2.149715359951774
251	3	0.8349951469260602	0.16500485307393975	19.62361656028429	16.38562459297525	3.23799196730904
252	3	0.7446660736045573	0.2553339263954427	801.3944492980979	596.771257967301	204.62319133079689
253	3	0.8203300294055622	0.1796699705944378	121.97589880446175	100.06049265303399	21.915406151427764
254	3	0.9270761301696399	0.07292386983036014	310.6259621578119	287.9739149274852	22.65204723032665
255	3	0.950462398835569	0.049537601164430956	791.533519762899	752.3228479526063	39.210671810292716
256	3	0.4621674842611541	0.5378325157388459	150.13361451152156	69.38687492182382	80.74673958969775
257	3	0.8721253806841207	0.1278746193158793	97.7507065016709	85.25087211991149	12.499834381759413
258	3	0.929874992789689	0.07012500721031101	29.341055250123883	27.283513539150814	2.057541710973071
259	3	0.9020440158882832	0.0979559841117168	56.67819089453872	51.12622292779243	5.551967966746287
260	3	0.5101083493795492	0.4898916506204508	39.6164849236215	20.20869973260836	19.40778519101314
261	3	0.6925443577659817	0.30745564223401833	118.68681829887159	82.19588635407979	36.490931944791804
262	3	0.9547420400441708	0.04525795995582915	310.76362818624204	296.6991003460609	14.064527840181123
263	3	0.7321738315859129	0.26782616841408713	269.3771323372773	197.23088712500984	72.14624521226747
264	3	0.8482212964494243	0.15177870355057566	5316.443087033198	4509.520247782879	806.922839250319
265	3	0.8894864090898038	0.11051359091019619	306.0550882485392	272.23184142985616	33.82324681868306
266	3	0.8459134135224857	0.15408658647751428	143.76085083622456	121.60923206176761	22.151618774456946
267	3	0.7770906182908901	0.2229093817091099	24002.154116769518	18651.848782913657	5350.30533385586
268	3	0.8756785430689948	0.12432145693100516	363.89705256548353	318.656840817644	45.24021174783948
269	3	0.48261296017122834	0.5173870398287717	17.517244544552767	8.454049243689912	9.063195300862855
270	3	0.45096767135987553	0.5490323286401244	13.277312914994553	5.987638887191495	7.289674027803057
271	3	0.8651805178791097	0.13481948212089034	129.75376186027702	112.26042688303714	17.493334977239883
272	3	0.8269592267949551	0.17304077320504485	377.4754094898459	312.15677276583205	65.31863672401386
273	3	0.7825934114785307	0.21740658852146932	13.509155563105617	10.572176138324997	2.936979424780621
274	3	0.8710374981166421	0.1289625018833579	1879.8280738674925	1637.400742350967	242.42733151652556
275	3	0.9771538663723217	0.02284613362767829	652.1600844278759	637.2607479923987	14.899336435477206
276	3	0.9427977241238052	0.05720227587619475	2512.1309918393363	2368.4313818070036	143.69961003233246
277	3	0.6894338539347452	0.3105661460652548	13.79943426633822	9.513797148360743	4.285637117977478
278	3	0.9599822501058732	0.040017749894126764	12.257600980246442	11.767079369916937	0.4905216103295052
279	3	0.9630403165801067	0.03695968341989331	117.242822965829	112.90956534575737	4.333257620071636
280	3	0.4034853595486214	0.5965146404513786	6.036182935998082	2.435511442232439	3.6006714937656428
281	3	0.9720895256707828	0.027910474329217227	278.4452384908416	270.6736998098502	7.771538680991402
282	3	0.7252282667059744	0.2747717332940256	516.3279383262346	374.45561576420437	141.87232256203023
283	3	0.8739229389559815	0.1260770610440185	840.9445229512314	734.920708996476	106.02381395475543
284	3	0.9286363846122587	0.07136361538774127	119.99877800805712	111.43523136729118	8.563546640765933
285	3	0.5637071605558058	0.43629283944419417	739.8584140343581	417.0634857886298	322.79492824572833
286	3	0.9898978797993726	0.010102120200627396	6568.908181554282	6502.548281517336	66.35990003694609
287	3	0.9064333487715632	0.09356665122843677	2847.9922285367984	2581.5151329879973	266.477095548801
288	3	0.7623399674358708	0.23766003256412915	187.47642504350674	142.9207717626604	44.55565328084633
289	3	0.8158885195200332	0.18411148047996684	1014.6465844447696	827.8384996187013	186.8080848260682
290	3	0.9672624627148849	0.03273753728511508	18.16239699149542	17.567804842799276	0.5945921486961433
291	3	0.8543495680920136	0.14565043190798643	9.182535269364873	7.845095041371561	1.3374402279933124
292	3	0.9517191867280531	0.04828081327194689	92.09369129217438	87.64733297937259	4.4463583128017925
293	3	0.4973933995459947	0.5026066004540053	23.115395604263046	11.497445201454939	11.617950402808107
294	3	0.8789478935196137	0.12105210648038633	965.1004871208578	848.273040189631	116.8274469312268
295	3	0.8287121455244975	0.17128785447550254	510.8674913958808	423.3620948733981	87.50539652248267
296	3	0.8746796973884216	0.12532030261157845	235.99622242115132	206.42110441214325	29.575118009008058
297	3	0.8776355870717639	0.12236441292823608	205.90611871870698	180.71053738336073	25.19558133534626
298	3	0.6591729533759386	0.3408270466240614	372.6029460157635	245.60978436178624	126.99316165397725
299	3	0.9331289703683961	0.06687102963160385	68.91666973526706	64.30814107128856	4.6085286639785
300	3	0.6282901815742705	0.3717098184257295	222.71651148035613	139.93059743758107	82.78591404277508
