condition	rep	gene_name	pel	sup	total
1	1	1	47	85	111
1	2	1	27	66	208
2	1	1	62	71	129
2	2	1	31	140	48
3	1	1	5	142	172
3	2	1	10	177	195
1	1	2	14	88	81
1	2	2	8	67	121
2	1	2	30	77	109
2	2	2	15	78	44
3	1	2	42	39	133
3	2	2	32	73	106
1	1	3	2332	7684	6760
1	2	3	1291	4556	11706
2	1	3	4701	4367	8691
2	2	3	4190	9426	3340
3	1	3	254	9550	12585
3	2	3	209	12988	15134
1	1	4	73	446	387
1	2	4	27	312	517
2	1	4	238	194	458
2	2	4	185	286	119
3	1	4	55	379	550
3	2	4	45	510	461
1	1	5	263	637	658
1	2	5	111	456	1275
2	1	5	543	359	734
2	2	5	265	735	336
3	1	5	44	946	939
3	2	5	39	900	1126
1	1	6	1772	572	3199
1	2	6	848	472	4864
2	1	6	2941	1402	4520
2	2	6	1384	1836	1427
3	1	6	737	2411	4760
3	2	6	660	3200	3754
1	1	7	486	1348	1636
1	2	7	355	912	2092
2	1	7	206	1285	1965
2	2	7	135	1801	656
3	1	7	358	1628	2181
3	2	7	212	1737	2084
1	1	8	444	6621	4010
1	2	8	193	4348	6344
2	1	8	1238	3363	4131
2	2	8	757	4287	1780
3	1	8	43	4834	5005
3	2	8	30	5625	5919
1	1	9	99	427	419
1	2	9	69	326	673
2	1	9	59	350	518
2	2	9	24	651	208
3	1	9	252	396	685
3	2	9	150	388	586
1	1	10	955	1070	1818
1	2	10	492	929	3209
2	1	10	407	1967	2700
2	2	10	311	2891	911
3	1	10	2106	827	3494
3	2	10	1953	1002	3045
1	1	11	1056	12640	8864
1	2	11	469	7858	14565
2	1	11	983	8675	11049
2	2	11	570	11431	3669
3	1	11	2547	9365	16312
3	2	11	1750	12082	13496
1	1	12	12062	38366	53244
1	2	12	5827	34813	66367
2	1	12	35822	19831	56506
2	2	12	20067	41617	18042
3	1	12	2926	52469	68485
3	2	12	2801	55357	67644
1	1	13	2	43	18
1	2	13	4	36	45
2	1	13	10	18	38
2	2	13	12	25	13
3	1	13	2	33	39
3	2	13	1	26	38
1	1	14	297	891	1029
1	2	14	129	634	1575
2	1	14	385	801	1213
2	2	14	251	1208	339
3	1	14	292	1042	1897
3	2	14	219	1152	1273
1	1	15	2782	13342	9090
1	2	15	1076	9224	19036
2	1	15	7784	5424	13420
2	2	15	6350	7636	3976
3	1	15	6897	9504	19102
3	2	15	3956	11671	16487
1	1	16	77	1640	1118
1	2	16	38	1122	1711
2	1	16	543	581	1238
2	2	16	337	947	403
3	1	16	106	957	1483
3	2	16	95	1456	1418
1	1	17	3	74	50
1	2	17	4	31	72
2	1	17	12	48	54
2	2	17	2	83	22
3	1	17	21	46	76
3	2	17	17	55	50
1	1	18	295	194	532
1	2	18	158	185	874
2	1	18	112	442	639
2	2	18	77	752	254
3	1	18	3	500	821
3	2	18	1	761	775
1	1	19	57	108	119
1	2	19	18	58	165
2	1	19	108	49	134
2	2	19	65	84	74
3	1	19	24	114	217
3	2	19	20	167	215
1	1	20	159	161	267
1	2	20	79	114	483
2	1	20	332	61	376
2	2	20	245	100	104
3	1	20	66	278	454
3	2	20	40	376	351
1	1	21	1171	8844	6670
1	2	21	563	7614	11328
2	1	21	5467	3729	6835
2	2	21	3546	5393	2781
3	1	21	85	7712	10176
3	2	21	62	10835	9642
1	1	22	6	31	24
1	2	22	6	21	51
2	1	22	3	29	42
2	2	22	2	42	20
3	1	22	1	33	42
3	2	22	3	69	50
1	1	23	195	859	812
1	2	23	81	715	1688
2	1	23	195	740	1320
2	2	23	166	1180	302
3	1	23	692	665	1291
3	2	23	367	681	1172
1	1	24	211	128	321
1	2	24	129	102	793
2	1	24	44	313	571
2	2	24	33	568	186
3	1	24	77	532	703
3	2	24	47	588	719
1	1	25	7	16	29
1	2	25	3	17	59
2	1	25	10	13	26
2	2	25	12	30	7
3	1	25	16	28	41
3	2	25	10	30	28
1	1	26	377	873	889
1	2	26	149	802	1928
2	1	26	375	853	1189
2	2	26	178	1269	511
3	1	26	21	1308	1696
3	2	26	38	1746	1909
1	1	27	751	3548	2333
1	2	27	371	2729	4959
2	1	27	1881	1877	3894
2	2	27	1286	2748	1072
3	1	27	540	3422	4872
3	2	27	460	3760	4641
1	1	28	1797	4354	3973
1	2	28	617	2701	7323
2	1	28	333	4254	4422
2	2	28	233	6322	1750
3	1	28	2216	3105	6180
3	2	28	1909	3868	6292
1	1	29	134	50	199
1	2	29	66	32	363
2	1	29	31	170	223
2	2	29	26	265	104
3	1	29	20	290	325
3	2	29	19	294	342
1	1	30	46	271	232
1	2	30	14	235	380
2	1	30	140	150	317
2	2	30	121	212	95
3	1	30	20	276	358
3	2	30	18	330	363
1	1	31	398	279	479
1	2	31	202	195	974
2	1	31	281	473	644
2	2	31	196	717	260
3	1	31	93	634	1086
3	2	31	75	905	1106
1	1	32	86	537	519
1	2	32	42	451	876
2	1	32	379	337	620
2	2	32	262	400	261
3	1	32	9	656	909
3	2	32	9	931	592
1	1	33	397	196	749
1	2	33	161	125	1022
2	1	33	372	425	865
2	2	33	346	674	288
3	1	33	101	748	991
3	2	33	92	874	764
1	1	34	4	12	22
1	2	34	5	7	33
2	1	34	13	9	26
2	2	34	5	22	11
3	1	34	0	17	33
3	2	34	2	23	27
1	1	35	6	10	12
1	2	35	0	8	18
2	1	35	3	5	9
2	2	35	4	12	4
3	1	35	4	7	27
3	2	35	1	14	25
1	1	36	14004	36826	42389
1	2	36	6238	29316	61445
2	1	36	43877	11212	49283
2	2	36	30105	18981	20265
3	1	36	6268	53729	63086
3	2	36	4715	70998	62220
1	1	37	15	11	26
1	2	37	8	8	51
2	1	37	20	10	46
2	2	37	16	24	10
3	1	37	4	32	39
3	2	37	5	37	56
1	1	38	78	479	301
1	2	38	30	264	560
2	1	38	119	224	441
2	2	38	93	336	132
3	1	38	142	289	531
3	2	38	100	365	502
1	1	39	114	40	154
1	2	39	54	38	244
2	1	39	162	36	211
2	2	39	127	62	72
3	1	39	36	173	248
3	2	39	29	205	207
1	1	40	27	72	79
1	2	40	9	54	194
2	1	40	65	63	125
2	2	40	42	95	34
3	1	40	22	81	165
3	2	40	27	117	119
1	1	41	3	11	10
1	2	41	0	6	17
2	1	41	0	7	16
2	2	41	1	11	3
3	1	41	3	9	18
3	2	41	5	6	9
1	1	42	47	515	276
1	2	42	16	337	576
2	1	42	174	219	360
2	2	42	98	319	140
3	1	42	29	412	506
3	2	42	31	424	512
1	1	43	82	174	261
1	2	43	34	149	388
2	1	43	217	104	293
2	2	43	106	188	99
3	1	43	44	237	380
3	2	43	28	327	398
1	1	44	110	309	298
1	2	44	58	252	548
2	1	44	245	188	365
2	2	44	149	314	168
3	1	44	234	228	595
3	2	44	228	226	511
1	1	45	3615	4801	8020
1	2	45	1833	3219	13186
2	1	45	5321	3879	10483
2	2	45	4059	7609	3198
3	1	45	2366	8325	14572
3	2	45	1892	9518	12954
1	1	46	297	1863	1628
1	2	46	152	1258	2815
2	1	46	320	1015	1710
2	2	46	208	1838	682
3	1	46	1226	838	2123
3	2	46	902	1026	2068
1	1	47	1796	1259	2888
1	2	47	1112	876	4750
2	1	47	2391	1568	3545
2	2	47	1592	2421	1376
3	1	47	2456	1989	5819
3	2	47	1783	2405	4305
1	1	48	112	227	221
1	2	48	48	138	403
2	1	48	161	137	237
2	2	48	87	265	103
3	1	48	3	355	358
3	2	48	1	430	373
1	1	49	394	933	977
1	2	49	206	622	1794
2	1	49	667	555	1261
2	2	49	501	1043	459
3	1	49	93	1498	1407
3	2	49	63	1412	1657
1	1	50	22662	146624	94439
1	2	50	10151	112549	182317
2	1	50	32422	71997	121335
2	2	50	20620	137028	46944
3	1	50	20901	114058	157360
3	2	50	15658	167716	176380
1	1	51	434	2487	1974
1	2	51	194	1765	4380
2	1	51	1776	1241	3201
2	2	51	1296	1509	854
3	1	51	1551	1349	3572
3	2	51	1477	1471	3777
1	1	52	2	0	3
1	2	52	0	0	4
2	1	52	2	3	1
2	2	52	4	4	0
3	1	52	0	2	5
3	2	52	0	1	5
1	1	53	565	54	894
1	2	53	267	27	1565
2	1	53	563	372	1062
2	2	53	316	708	339
3	1	53	454	766	1259
3	2	53	362	880	1060
1	1	54	353	7343	3976
1	2	54	161	4135	7890
2	1	54	1169	3223	5959
2	2	54	1227	5389	2065
3	1	54	95	6088	5484
3	2	54	54	8288	6155
1	1	55	145	305	382
1	2	55	85	175	585
2	1	55	468	127	473
2	2	55	332	192	172
3	1	55	8	403	555
3	2	55	10	574	502
1	1	56	90	214	278
1	2	56	31	177	549
2	1	56	163	124	295
2	2	56	109	237	107
3	1	56	85	225	361
3	2	56	89	342	475
1	1	57	1001	4652	3371
1	2	57	461	2584	7351
2	1	57	1007	3107	4461
2	2	57	770	4468	1643
3	1	57	505	4341	6371
3	2	57	466	5274	5397
1	1	58	64	116	191
1	2	58	32	84	281
2	1	58	93	103	208
2	2	58	59	143	109
3	1	58	27	188	218
3	2	58	38	210	198
1	1	59	347	499	659
1	2	59	178	453	1416
2	1	59	90	646	963
2	2	59	75	1016	309
3	1	59	525	498	1371
3	2	59	383	646	1192
1	1	60	10	12	18
1	2	60	6	6	38
2	1	60	16	17	30
2	2	60	24	18	9
3	1	60	2	26	39
3	2	60	1	38	50
1	1	61	1491	4885	4080
1	2	61	730	3173	8453
2	1	61	4604	1435	5542
2	2	61	2881	2331	1699
3	1	61	706	5214	6932
3	2	61	625	6894	7318
1	1	62	533	703	1452
1	2	62	195	684	2235
2	1	62	768	749	1468
2	2	62	487	1178	611
3	1	62	29	1857	1918
3	2	62	17	1974	1595
1	1	63	409	61	661
1	2	63	224	38	1077
2	1	63	248	499	880
2	2	63	148	707	289
3	1	63	420	430	1003
3	2	63	364	638	936
1	1	64	47	223	241
1	2	64	9	179	416
2	1	64	268	61	256
2	2	64	174	85	102
3	1	64	12	265	347
3	2	64	14	321	263
1	1	65	2076	3032	4340
1	2	65	851	2315	8599
2	1	65	2859	2993	5734
2	2	65	1779	4457	2117
3	1	65	459	4739	8411
3	2	65	321	6396	5699
1	1	66	20	168	110
1	2	66	9	135	224
2	1	66	100	98	146
2	2	66	43	143	69
3	1	66	40	165	233
3	2	66	35	222	211
1	1	67	32	41	53
1	2	67	11	38	121
2	1	67	69	28	79
2	2	67	54	28	23
3	1	67	22	65	90
3	2	67	12	100	106
1	1	68	56	74	139
1	2	68	30	53	187
2	1	68	98	35	173
2	2	68	70	87	64
3	1	68	18	161	176
3	2	68	12	163	172
1	1	69	191	32	302
1	2	69	88	22	400
2	1	69	130	225	435
2	2	69	131	400	189
3	1	69	71	359	566
3	2	69	67	422	420
1	1	70	25	55	82
1	2	70	36	33	172
2	1	70	17	74	98
2	2	70	4	146	54
3	1	70	15	81	127
3	2	70	11	105	174
1	1	71	25	229	205
1	2	71	19	166	270
2	1	71	91	154	218
2	2	71	43	183	93
3	1	71	40	217	351
3	2	71	28	205	267
1	1	72	1539	3134	4021
1	2	72	899	1757	7074
2	1	72	1453	3399	6235
2	2	72	694	5259	1997
3	1	72	404	4565	7950
3	2	72	323	5750	7680
1	1	73	50	1163	542
1	2	73	28	646	976
2	1	73	704	245	810
2	2	73	503	371	252
3	1	73	23	728	954
3	2	73	30	1021	733
1	1	74	394	1968	1711
1	2	74	212	1060	2823
2	1	74	788	1207	2119
2	2	74	472	1788	810
3	1	74	108	2128	2544
3	2	74	99	2723	2486
1	1	75	13	314	252
1	2	75	13	206	449
2	1	75	245	72	240
2	2	75	127	127	82
3	1	75	2	351	416
3	2	75	1	406	346
1	1	76	3633	3288	6538
1	2	76	1855	2319	14566
2	1	76	226	7223	8119
2	2	76	200	9713	2826
3	1	76	1029	8769	10129
3	2	76	910	9575	10595
1	1	77	211	1672	1447
1	2	77	113	1086	1949
2	1	77	1809	221	1305
2	2	77	1095	370	538
3	1	77	558	1037	2189
3	2	77	447	1324	2040
1	1	78	9	102	97
1	2	78	5	76	135
2	1	78	73	31	90
2	2	78	39	48	22
3	1	78	4	84	108
3	2	78	5	143	120
1	1	79	6	31	24
1	2	79	1	19	32
2	1	79	29	3	32
2	2	79	20	10	15
3	1	79	21	7	50
3	2	79	19	5	34
1	1	80	115	221	337
1	2	80	59	180	507
2	1	80	64	276	321
2	2	80	58	398	147
3	1	80	32	375	404
3	2	80	17	427	368
1	1	81	465	649	1275
1	2	81	301	569	2055
2	1	81	191	888	1568
2	2	81	104	1815	499
3	1	81	76	1454	1917
3	2	81	65	1785	1911
1	1	82	10	20	26
1	2	82	3	20	42
2	1	82	8	19	27
2	2	82	10	25	16
3	1	82	22	10	40
3	2	82	19	18	41
1	1	83	52	48	93
1	2	83	21	48	148
2	1	83	38	64	101
2	2	83	29	86	49
3	1	83	44	70	153
3	2	83	32	99	140
1	1	84	5497	14356	14541
1	2	84	2877	9614	28367
2	1	84	7284	11413	18251
2	2	84	4370	15956	7411
3	1	84	4770	17325	27201
3	2	84	3790	21415	22034
1	1	85	198	726	533
1	2	85	78	470	975
2	1	85	383	401	732
2	2	85	331	486	294
3	1	85	27	746	994
3	2	85	24	899	939
1	1	86	1215	2938	3295
1	2	86	535	2438	7000
2	1	86	1003	3795	4129
2	2	86	794	5324	1369
3	1	86	925	3023	5235
3	2	86	927	4929	6510
1	1	87	8	83	43
1	2	87	4	69	99
2	1	87	40	32	75
2	2	87	17	38	18
3	1	87	6	64	83
3	2	87	7	68	80
1	1	88	537	6665	4223
1	2	88	312	4646	7765
2	1	88	1036	3907	5082
2	2	88	729	5195	1966
3	1	88	1284	4637	7812
3	2	88	1528	4996	6723
1	1	89	150	289	333
1	2	89	65	259	559
2	1	89	212	203	477
2	2	89	135	369	154
3	1	89	63	406	572
3	2	89	57	518	550
1	1	90	1707	28038	18053
1	2	90	790	21752	32259
2	1	90	8123	15373	23705
2	2	90	5389	24335	8340
3	1	90	20662	9048	35161
3	2	90	16925	10533	29566
1	1	91	70	97	161
1	2	91	45	50	233
2	1	91	101	109	187
2	2	91	71	202	75
3	1	91	38	145	289
3	2	91	38	242	345
1	1	92	916	4084	3685
1	2	92	419	3230	6528
2	1	92	3670	1477	4201
2	2	92	2428	2362	1477
3	1	92	1343	3056	5989
3	2	92	1222	4148	5213
1	1	93	191	363	406
1	2	93	109	261	950
2	1	93	125	372	601
2	2	93	87	504	233
3	1	93	158	503	771
3	2	93	135	605	654
1	1	94	28013	34026	49247
1	2	94	11339	21112	98009
2	1	94	26609	37119	66214
2	2	94	18850	54935	29527
3	1	94	8943	59695	89992
3	2	94	7724	73150	69753
1	1	95	7	3	5
1	2	95	4	2	10
2	1	95	1	5	11
2	2	95	0	5	5
3	1	95	0	7	9
3	2	95	0	12	4
1	1	96	119	457	501
1	2	96	53	307	709
2	1	96	289	295	479
2	2	96	155	544	214
3	1	96	164	457	705
3	2	96	164	647	777
1	1	97	18	84	58
1	2	97	10	38	75
2	1	97	71	9	56
2	2	97	40	19	23
3	1	97	32	46	78
3	2	97	13	58	103
1	1	98	3856	54554	34829
1	2	98	1737	36955	65625
2	1	98	15356	24888	44123
2	2	98	11513	38576	13734
3	1	98	16480	37195	58580
3	2	98	12070	37140	55996
1	1	99	1047	4460	3579
1	2	99	487	2533	5658
2	1	99	2384	2183	4452
2	2	99	1631	3696	1728
3	1	99	2683	1938	5601
3	2	99	2292	2667	5112
1	1	100	991	3471	3365
1	2	100	756	2092	5917
2	1	100	2717	1708	4560
2	2	100	1990	2401	1851
3	1	100	1250	2959	5734
3	2	100	996	3741	5356
1	1	101	116	276	317
1	2	101	68	164	679
2	1	101	166	191	439
2	2	101	140	290	125
3	1	101	169	298	609
3	2	101	98	362	517
1	1	102	141	1925	1215
1	2	102	66	1327	2391
2	1	102	130	1240	1609
2	2	102	78	1566	537
3	1	102	791	1227	2676
3	2	102	582	1263	1831
1	1	103	39	48	87
1	2	103	16	52	121
2	1	103	30	58	116
2	2	103	19	74	24
3	1	103	29	59	119
3	2	103	21	99	74
1	1	104	295	52	458
1	2	104	163	32	563
2	1	104	189	311	461
2	2	104	134	365	173
3	1	104	210	261	570
3	2	104	213	339	642
1	1	105	375	2783	1931
1	2	105	183	1390	3179
2	1	105	2120	594	2205
2	2	105	1534	1070	896
3	1	105	406	2323	2840
3	2	105	302	3052	2465
1	1	106	6609	8081	13141
1	2	106	3608	4513	25378
2	1	106	10758	7319	16041
2	2	106	7657	10272	6411
3	1	106	1166	14434	21804
3	2	106	773	21391	19328
1	1	107	300	5162	2481
1	2	107	147	2381	5696
2	1	107	1464	1777	4334
2	2	107	843	2888	1042
3	1	107	18	3652	5398
3	2	107	10	4211	4209
1	1	108	82	457	391
1	2	108	37	262	633
2	1	108	287	191	401
2	2	108	214	307	166
3	1	108	99	375	483
3	2	108	70	444	511
1	1	109	40	214	167
1	2	109	36	117	290
2	1	109	119	119	180
2	2	109	94	144	77
3	1	109	113	172	254
3	2	109	110	183	250
1	1	110	5	30	35
1	2	110	11	39	64
2	1	110	33	8	40
2	2	110	28	19	21
3	1	110	12	31	52
3	2	110	12	46	54
1	1	111	7433	1198	7570
1	2	111	2706	624	14892
2	1	111	744	8040	10741
2	2	111	560	11834	3532
3	1	111	4518	7400	14164
3	2	111	4969	7982	11588
1	1	112	458	1508	1389
1	2	112	241	1239	2568
2	1	112	338	1199	2409
2	2	112	216	2388	533
3	1	112	194	1911	2578
3	2	112	187	2375	2471
1	1	113	13	29	36
1	2	113	7	19	56
2	1	113	16	19	41
2	2	113	10	37	17
3	1	113	1	36	63
3	2	113	2	64	48
1	1	114	98	198	220
1	2	114	42	128	392
2	1	114	86	127	255
2	2	114	62	215	126
3	1	114	99	217	342
3	2	114	88	246	263
1	1	115	2523	9867	8670
1	2	115	1156	6106	13384
2	1	115	5256	7356	9028
2	2	115	3603	8692	3249
3	1	115	2571	7727	12955
3	2	115	1529	10569	15005
1	1	116	165	634	561
1	2	116	81	437	1153
2	1	116	631	282	852
2	2	116	350	466	239
3	1	116	34	667	921
3	2	116	32	861	893
1	1	117	334	1517	1175
1	2	117	174	940	1992
2	1	117	1040	669	1427
2	2	117	570	1197	477
3	1	117	742	981	1958
3	2	117	393	1871	1850
1	1	118	11154	107303	73486
1	2	118	6784	73087	128870
2	1	118	32421	63585	90356
2	2	118	20923	86497	35141
3	1	118	20606	92963	113592
3	2	118	16406	105384	126554
1	1	119	13	24	23
1	2	119	9	16	59
2	1	119	24	19	48
2	2	119	18	14	13
3	1	119	4	39	51
3	2	119	2	46	50
1	1	120	34	12	61
1	2	120	30	7	96
2	1	120	25	44	93
2	2	120	17	46	35
3	1	120	17	40	114
3	2	120	17	71	90
1	1	121	327	1429	1016
1	2	121	160	875	1815
2	1	121	553	765	1370
2	2	121	367	1281	500
3	1	121	720	869	1741
3	2	121	554	1006	1601
1	1	122	5	4	2
1	2	122	3	2	11
2	1	122	0	5	5
2	2	122	3	9	1
3	1	122	0	7	10
3	2	122	1	3	6
1	1	123	15	24	36
1	2	123	6	15	50
2	1	123	14	36	48
2	2	123	9	27	11
3	1	123	16	37	38
3	2	123	9	21	33
1	1	124	147	10014	4867
1	2	124	70	7146	9924
2	1	124	3069	4406	6637
2	2	124	2312	5075	2733
3	1	124	2594	4216	9613
3	2	124	2379	5851	8470
1	1	125	4844	9552	11040
1	2	125	2846	8371	17415
2	1	125	7055	8651	15943
2	2	125	5230	11987	4597
3	1	125	4541	9808	22619
3	2	125	3551	13484	18085
1	1	126	33	22	53
1	2	126	27	13	110
2	1	126	27	59	62
2	2	126	13	82	27
3	1	126	10	70	107
3	2	126	5	67	112
1	1	127	3072	27484	16813
1	2	127	1389	19066	27448
2	1	127	11587	11571	26889
2	2	127	8272	14796	9043
3	1	127	4602	21509	27923
3	2	127	3124	23038	31378
1	1	128	393	260	489
1	2	128	153	158	1185
2	1	128	104	587	696
2	2	128	68	834	293
3	1	128	63	517	1002
3	2	128	60	759	842
1	1	129	57	49	101
1	2	129	29	36	190
2	1	129	75	55	125
2	2	129	58	108	51
3	1	129	19	119	162
3	2	129	18	143	139
1	1	130	18	115	67
1	2	130	12	71	124
2	1	130	31	52	124
2	2	130	30	70	40
3	1	130	1	107	157
3	2	130	5	139	124
1	1	131	91	1235	1000
1	2	131	53	1068	1650
2	1	131	514	505	1410
2	2	131	414	847	455
3	1	131	55	1436	1385
3	2	131	30	1370	1572
1	1	132	107	35	161
1	2	132	43	15	335
2	1	132	92	93	228
2	2	132	59	142	51
3	1	132	7	171	270
3	2	132	4	227	271
1	1	133	1	14	6
1	2	133	1	3	17
2	1	133	7	2	9
2	2	133	4	2	4
3	1	133	0	10	12
3	2	133	2	12	18
1	1	134	64	395	345
1	2	134	59	226	520
2	1	134	90	325	336
2	2	134	78	383	159
3	1	134	6	420	533
3	2	134	5	489	559
1	1	135	23	102	104
1	2	135	7	70	186
2	1	135	36	58	101
2	2	135	25	104	48
3	1	135	1	99	155
3	2	135	3	163	128
1	1	136	53	1264	988
1	2	136	22	1085	1527
2	1	136	452	539	989
2	2	136	255	953	295
3	1	136	46	1055	1403
3	2	136	39	1273	1125
1	1	137	2828	1605	4586
1	2	137	1309	930	8675
2	1	137	2005	3270	5537
2	2	137	1443	5462	2581
3	1	137	1691	4476	6890
3	2	137	1319	5911	7418
1	1	138	279	2537	1481
1	2	138	131	1459	2256
2	1	138	869	849	2287
2	2	138	593	1273	694
3	1	138	1865	516	2734
3	2	138	1288	668	2790
1	1	139	251	913	940
1	2	139	114	717	1544
2	1	139	399	666	1060
2	2	139	281	1132	362
3	1	139	851	461	1523
3	2	139	612	675	1293
1	1	140	666	482	1233
1	2	140	370	425	2138
2	1	140	556	1084	1585
2	2	140	357	1536	574
3	1	140	215	1310	2689
3	2	140	244	2191	1868
1	1	141	29	31	73
1	2	141	11	30	99
2	1	141	50	22	74
2	2	141	45	25	19
3	1	141	6	72	75
3	2	141	4	85	116
1	1	142	29	307	247
1	2	142	26	234	415
2	1	142	186	135	318
2	2	142	123	188	125
3	1	142	10	292	461
3	2	142	12	399	317
1	1	143	35	32	58
1	2	143	14	16	91
2	1	143	37	23	53
2	2	143	29	44	23
3	1	143	13	57	77
3	2	143	5	81	75
1	1	144	12	10	17
1	2	144	4	5	28
2	1	144	12	7	33
2	2	144	9	26	10
3	1	144	8	20	36
3	2	144	7	29	28
1	1	145	323	865	933
1	2	145	123	568	1533
2	1	145	927	289	1106
2	2	145	606	612	375
3	1	145	137	957	1435
3	2	145	142	1257	1250
1	1	146	27	88	80
1	2	146	17	72	160
2	1	146	30	67	113
2	2	146	17	129	43
3	1	146	106	33	167
3	2	146	79	46	146
1	1	147	3	7	11
1	2	147	1	7	18
2	1	147	10	4	24
2	2	147	4	11	3
3	1	147	3	13	19
3	2	147	4	25	13
1	1	148	666	2431	2056
1	2	148	327	1573	2857
2	1	148	1344	1424	2346
2	2	148	656	2527	821
3	1	148	864	2085	3057
3	2	148	588	2250	2632
1	1	149	2274	16416	13065
1	2	149	872	10506	23017
2	1	149	5249	9365	16780
2	2	149	3649	14047	5530
3	1	149	7986	11355	19794
3	2	149	5688	11555	17912
1	1	150	481	187	680
1	2	150	257	145	1329
2	1	150	568	469	1077
2	2	150	268	843	370
3	1	150	793	285	1145
3	2	150	705	545	1232
1	1	151	41	63	75
1	2	151	19	49	145
2	1	151	43	47	118
2	2	151	36	97	40
3	1	151	8	96	144
3	2	151	7	145	149
1	1	152	508	216	694
1	2	152	256	206	1393
2	1	152	171	611	873
2	2	152	161	1009	316
3	1	152	431	702	1346
3	2	152	278	956	1165
1	1	153	25	1	25
1	2	153	4	0	41
2	1	153	26	8	31
2	2	153	21	19	12
3	1	153	5	31	40
3	2	153	4	43	44
1	1	154	5	260	107
1	2	154	4	129	205
2	1	154	57	97	161
2	2	154	35	162	61
3	1	154	40	166	219
3	2	154	46	194	223
1	1	155	36	64	123
1	2	155	30	31	180
2	1	155	94	82	142
2	2	155	52	89	56
3	1	155	6	138	173
3	2	155	4	192	161
1	1	156	73	374	333
1	2	156	32	246	606
2	1	156	183	179	426
2	2	156	114	348	161
3	1	156	39	434	599
3	2	156	39	369	488
1	1	157	670	7594	5320
1	2	157	407	5618	8863
2	1	157	2482	3664	7929
2	2	157	2059	5037	2452
3	1	157	80	6978	8232
3	2	157	72	8814	7547
1	1	158	87	138	186
1	2	158	41	90	370
2	1	158	54	200	303
2	2	158	44	223	79
3	1	158	17	276	368
3	2	158	22	298	321
1	1	159	69	135	112
1	2	159	22	116	228
2	1	159	122	72	165
2	2	159	86	132	85
3	1	159	6	183	263
3	2	159	15	221	250
1	1	160	2	2	2
1	2	160	0	1	6
2	1	160	1	1	4
2	2	160	0	0	2
3	1	160	0	3	5
3	2	160	0	2	3
1	1	161	1048	1153	1916
1	2	161	437	928	3097
2	1	161	450	1559	2613
2	2	161	230	3399	991
3	1	161	125	2568	3676
3	2	161	131	2631	3184
1	1	162	5865	2086	9854
1	2	162	3421	1684	16758
2	1	162	10162	4810	12094
2	2	162	6827	6259	4501
3	1	162	1090	12313	14058
3	2	162	981	18606	18559
1	1	163	220	737	632
1	2	163	89	482	1125
2	1	163	330	547	813
2	2	163	259	894	387
3	1	163	154	803	1108
3	2	163	137	1054	1115
1	1	164	173	1730	1350
1	2	164	74	1395	2234
2	1	164	1621	238	1777
2	2	164	1258	325	506
3	1	164	378	1600	2157
3	2	164	301	1460	1720
1	1	165	32	177	147
1	2	165	11	130	221
2	1	165	36	122	138
2	2	165	22	178	61
3	1	165	34	160	220
3	2	165	34	177	182
1	1	166	860	3418	3132
1	2	166	512	2009	5835
2	1	166	561	2570	3906
2	2	166	365	4506	1483
3	1	166	260	4274	4635
3	2	166	262	5224	4777
1	1	167	22	147	89
1	2	167	12	98	180
2	1	167	58	117	123
2	2	167	30	118	52
3	1	167	9	108	188
3	2	167	4	135	170
1	1	168	1	14	6
1	2	168	0	8	16
2	1	168	2	2	8
2	2	168	2	20	5
3	1	168	2	11	15
3	2	168	5	17	8
1	1	169	59	297	201
1	2	169	24	265	365
2	1	169	27	303	346
2	2	169	18	359	128
3	1	169	13	346	393
3	2	169	8	290	346
1	1	170	5	306	245
1	2	170	2	351	460
2	1	170	69	215	247
2	2	170	45	365	105
3	1	170	273	79	440
3	2	170	276	91	300
1	1	171	181	636	593
1	2	171	114	518	1271
2	1	171	252	631	926
2	2	171	204	905	251
3	1	171	93	770	972
3	2	171	103	837	870
1	1	172	549	596	1209
1	2	172	369	494	1989
2	1	172	1056	702	1381
2	2	172	748	983	471
3	1	172	389	1273	1623
3	2	172	288	1744	1888
1	1	173	30	74	73
1	2	173	15	68	166
2	1	173	86	37	125
2	2	173	52	58	36
3	1	173	10	103	160
3	2	173	12	121	147
1	1	174	7	73	40
1	2	174	3	70	62
2	1	174	35	27	65
2	2	174	22	42	26
3	1	174	11	49	77
3	2	174	10	44	70
1	1	175	77	50	103
1	2	175	38	32	171
2	1	175	97	65	154
2	2	175	53	83	64
3	1	175	47	120	178
3	2	175	31	129	171
1	1	176	374	973	996
1	2	176	163	614	1570
2	1	176	263	837	1001
2	2	176	207	1238	499
3	1	176	457	721	1655
3	2	176	436	1063	1728
1	1	177	5	17	25
1	2	177	3	18	35
2	1	177	15	25	37
2	2	177	3	26	12
3	1	177	9	21	55
3	2	177	3	24	50
1	1	178	28	38	82
1	2	178	20	31	110
2	1	178	17	54	71
2	2	178	17	101	26
3	1	178	49	48	105
3	2	178	33	76	110
1	1	179	390	2312	2092
1	2	179	159	1729	3584
2	1	179	982	1390	2767
2	2	179	556	2050	815
3	1	179	241	2162	2900
3	2	179	314	2592	3297
1	1	180	19	149	109
1	2	180	17	118	238
2	1	180	28	100	175
2	2	180	29	173	58
3	1	180	45	132	215
3	2	180	27	122	229
1	1	181	394	821	891
1	2	181	183	488	1404
2	1	181	490	620	1153
2	2	181	359	969	468
3	1	181	253	888	1804
3	2	181	255	1106	1470
1	1	182	9	21	30
1	2	182	8	11	44
2	1	182	17	20	44
2	2	182	12	29	17
3	1	182	2	32	40
3	2	182	1	49	40
1	1	183	12767	11060	27817
1	2	183	5935	8446	42968
2	1	183	13896	16418	35921
2	2	183	8670	23283	10764
3	1	183	3939	31629	36174
3	2	183	3209	38008	35645
1	1	184	256	3433	2056
1	2	184	147	2003	3649
2	1	184	2242	992	2255
2	2	184	1381	1415	1067
3	1	184	70	2798	4126
3	2	184	44	4062	3332
1	1	185	1331	2554	3651
1	2	185	628	2113	5687
2	1	185	3662	1024	4269
2	2	185	2674	1583	1767
3	1	185	2455	2003	5721
3	2	185	2189	3071	4772
1	1	186	21	111	113
1	2	186	10	78	157
2	1	186	84	51	85
2	2	186	44	61	39
3	1	186	44	71	136
3	2	186	45	102	102
1	1	187	1930	1429	3380
1	2	187	841	1019	6097
2	1	187	2992	1427	3788
2	2	187	2058	2035	1317
3	1	187	302	3893	5655
3	2	187	287	3873	5183
1	1	188	564	3364	2694
1	2	188	208	2709	4908
2	1	188	2176	1600	3144
2	2	188	1415	2285	1289
3	1	188	1234	2314	4475
3	2	188	1048	3021	4013
1	1	189	9739	6017	16624
1	2	189	4159	3952	30836
2	1	189	10667	9190	24979
2	2	189	7777	15764	6336
3	1	189	9565	12455	25286
3	2	189	6187	16134	28094
1	1	190	48	218	166
1	2	190	20	141	343
2	1	190	173	55	173
2	2	190	115	88	80
3	1	190	6	207	330
3	2	190	10	245	349
1	1	191	1766	19380	11678
1	2	191	703	15599	20278
2	1	191	13103	4896	16875
2	2	191	9348	6475	6794
3	1	191	1424	13085	20437
3	2	191	919	26764	20494
1	1	192	366	3270	2131
1	2	192	168	2347	4142
2	1	192	974	1772	2921
2	2	192	559	3026	1208
3	1	192	156	2702	3867
3	2	192	112	3453	3379
1	1	193	46	103	115
1	2	193	22	74	198
2	1	193	78	86	119
2	2	193	46	162	60
3	1	193	79	84	200
3	2	193	44	103	210
1	1	194	0	5	3
1	2	194	0	4	16
2	1	194	0	4	6
2	2	194	3	5	2
3	1	194	0	7	9
3	2	194	0	9	3
1	1	195	1506	3882	4744
1	2	195	692	3230	8219
2	1	195	891	4130	5775
2	2	195	725	6656	1872
3	1	195	339	5064	7217
3	2	195	174	7099	7022
1	1	196	92	726	452
1	2	196	68	369	880
2	1	196	409	240	507
2	2	196	321	394	196
3	1	196	45	477	811
3	2	196	55	814	741
1	1	197	2681	764	3878
1	2	197	1290	615	6518
2	1	197	1943	2806	5546
2	2	197	1562	4639	1687
3	1	197	2266	3525	6538
3	2	197	1653	4129	6722
1	1	198	65717	48871	145619
1	2	198	44505	32848	223901
2	1	198	30277	97232	145870
2	2	198	33842	171034	52574
3	1	198	80158	94580	200680
3	2	198	67054	121441	232603
1	1	199	2	1	4
1	2	199	1	2	4
2	1	199	0	9	8
2	2	199	1	5	2
3	1	199	0	7	11
3	2	199	1	2	10
1	1	200	2443	34728	26354
1	2	200	1127	27449	50498
2	1	200	19169	12283	32931
2	2	200	15211	17963	11307
3	1	200	2327	29786	42049
3	2	200	2180	36591	36334
1	1	201	2713	11075	8924
1	2	201	1318	6795	17437
2	1	201	5492	5094	10596
2	2	201	3717	9609	4575
3	1	201	3046	8823	13905
3	2	201	2613	10916	14952
1	1	202	3	52	37
1	2	202	2	43	53
2	1	202	29	15	70
2	2	202	24	27	15
3	1	202	3	32	65
3	2	202	2	59	67
1	1	203	83	81	131
1	2	203	29	63	303
2	1	203	55	143	214
2	2	203	43	203	81
3	1	203	179	63	296
3	2	203	158	92	294
1	1	204	79	92	142
1	2	204	27	72	250
2	1	204	26	132	181
2	2	204	23	199	47
3	1	204	6	196	245
3	2	204	10	190	242
1	1	205	5121	7010	9175
1	2	205	2414	4732	16728
2	1	205	3369	6922	11542
2	2	205	2762	11741	4562
3	1	205	5603	7681	16608
3	2	205	3706	9843	15959
1	1	206	543	919	1219
1	2	206	271	577	2205
2	1	206	118	1139	1270
2	2	206	60	1951	520
3	1	206	141	1368	1863
3	2	206	126	1619	1729
1	1	207	216	347	347
1	2	207	74	206	681
2	1	207	247	241	443
2	2	207	140	363	147
3	1	207	85	477	724
3	2	207	55	517	638
1	1	208	18	22	27
1	2	208	7	5	56
2	1	208	9	22	21
2	2	208	4	40	12
3	1	208	2	33	56
3	2	208	2	63	41
1	1	209	901	840	1644
1	2	209	385	698	2757
2	1	209	392	1506	2182
2	2	209	251	1708	863
3	1	209	648	1726	2674
3	2	209	498	1854	2788
1	1	210	27525	346155	212523
1	2	210	16062	238218	489631
2	1	210	127279	136950	295853
2	2	210	85671	225751	100144
3	1	210	159347	154970	373539
3	2	210	132645	205443	304174
1	1	211	7	12	12
1	2	211	0	17	31
2	1	211	16	9	13
2	2	211	15	8	3
3	1	211	11	11	32
3	2	211	7	9	24
1	1	212	552	448	1006
1	2	212	329	309	1898
2	1	212	432	773	1369
2	2	212	349	1105	499
3	1	212	341	1226	1524
3	2	212	316	1342	1484
1	1	213	313	28	455
1	2	213	151	15	858
2	1	213	200	322	573
2	2	213	159	563	179
3	1	213	131	431	638
3	2	213	87	604	758
1	1	214	25	158	135
1	2	214	5	134	233
2	1	214	108	60	165
2	2	214	74	92	71
3	1	214	44	100	182
3	2	214	27	122	168
1	1	215	59	68	139
1	2	215	31	72	179
2	1	215	71	115	141
2	2	215	34	145	63
3	1	215	34	125	221
3	2	215	29	197	160
1	1	216	72	206	168
1	2	216	25	154	340
2	1	216	5	218	250
2	2	216	5	238	83
3	1	216	45	204	291
3	2	216	55	256	340
1	1	217	20	80	64
1	2	217	12	43	64
2	1	217	8	49	90
2	2	217	7	83	29
3	1	217	8	65	87
3	2	217	14	71	93
1	1	218	4522	852	7604
1	2	218	2474	567	14100
2	1	218	7226	2039	8155
2	2	218	5258	2816	2774
3	1	218	1479	6399	12973
3	2	218	891	10702	12532
1	1	219	3	16	16
1	2	219	1	21	34
2	1	219	4	23	21
2	2	219	0	23	7
3	1	219	1	16	24
3	2	219	0	36	21
1	1	220	68	530	390
1	2	220	33	396	746
2	1	220	176	305	480
2	2	220	143	510	192
3	1	220	81	546	737
3	2	220	77	534	511
1	1	221	478	6598	4238
1	2	221	261	5366	8307
2	1	221	5507	1321	4945
2	2	221	4131	1619	1952
3	1	221	2186	4274	5776
3	2	221	2015	4291	7083
1	1	222	51	210	126
1	2	222	18	147	314
2	1	222	155	101	234
2	2	222	90	156	85
3	1	222	67	185	337
3	2	222	68	224	277
1	1	223	781	886	1632
1	2	223	408	639	2368
2	1	223	430	1431	1948
2	2	223	268	2129	771
3	1	223	125	2163	2387
3	2	223	98	2459	2768
1	1	224	476	766	1029
1	2	224	254	664	1629
2	1	224	819	614	1505
2	2	224	460	788	551
3	1	224	163	1182	2042
3	2	224	172	1629	1694
1	1	225	186	513	438
1	2	225	102	314	860
2	1	225	135	392	544
2	2	225	98	672	248
3	1	225	8	800	966
3	2	225	4	690	732
1	1	226	71	186	223
1	2	226	43	139	356
2	1	226	203	105	254
2	2	226	144	148	88
3	1	226	76	216	377
3	2	226	79	273	334
1	1	227	2472	5091	5802
1	2	227	1291	3312	10601
2	1	227	3561	4099	7706
2	2	227	3095	6091	2880
3	1	227	279	8917	10287
3	2	227	162	9569	9359
1	1	228	1082	276	1299
1	2	228	436	189	2585
2	1	228	1260	973	2001
2	2	228	765	1321	807
3	1	228	964	1109	2416
3	2	228	764	1426	2603
1	1	229	65	263	243
1	2	229	35	246	446
2	1	229	113	223	357
2	2	229	96	272	123
3	1	229	24	343	518
3	2	229	20	440	379
1	1	230	333	258	521
1	2	230	173	183	1056
2	1	230	173	421	788
2	2	230	120	757	234
3	1	230	39	757	1107
3	2	230	25	784	842
1	1	231	2097	11553	9256
1	2	231	1225	8377	17916
2	1	231	4573	6933	12171
2	2	231	3070	8296	3845
3	1	231	779	10183	13802
3	2	231	497	14471	11801
1	1	232	1	9	2
1	2	232	0	3	9
2	1	232	0	3	7
2	2	232	0	5	0
3	1	232	0	4	5
3	2	232	0	19	13
1	1	233	17413	23182	38115
1	2	233	6750	13498	66610
2	1	233	38648	13696	48652
2	2	233	24504	19752	18621
3	1	233	4787	38883	50299
3	2	233	4182	44260	45393
1	1	234	25	55	66
1	2	234	21	24	111
2	1	234	19	63	108
2	2	234	11	89	20
3	1	234	13	64	110
3	2	234	11	86	108
1	1	235	258	421	447
1	2	235	107	312	1026
2	1	235	675	162	751
2	2	235	457	257	300
3	1	235	18	741	1128
3	2	235	16	841	764
1	1	236	16	23	28
1	2	236	8	12	60
2	1	236	19	26	46
2	2	236	18	33	16
3	1	236	1	39	62
3	2	236	1	44	39
1	1	237	70	162	180
1	2	237	35	166	333
2	1	237	202	97	208
2	2	237	126	175	92
3	1	237	93	167	278
3	2	237	62	226	323
1	1	238	6759	14492	17798
1	2	238	4221	12269	29915
2	1	238	7860	15284	25994
2	2	238	4649	27013	8793
3	1	238	8678	17006	32866
3	2	238	9369	19317	33713
1	1	239	28	132	87
1	2	239	14	87	155
2	1	239	35	91	129
2	2	239	35	105	41
3	1	239	52	92	206
3	2	239	68	134	150
1	1	240	10536	15779	23413
1	2	240	4773	12449	44224
2	1	240	12809	17414	26574
2	2	240	7982	29479	10307
3	1	240	1486	26329	36349
3	2	240	1308	36085	35614
1	1	241	808	4776	3601
1	2	241	416	3364	6254
2	1	241	891	3143	5002
2	2	241	502	5771	1634
3	1	241	1481	4366	5553
3	2	241	1097	5045	5727
1	1	242	100	973	649
1	2	242	39	688	1011
2	1	242	728	283	886
2	2	242	518	352	257
3	1	242	217	555	1079
3	2	242	196	629	962
1	1	243	4	6	10
1	2	243	1	2	15
2	1	243	0	9	14
2	2	243	0	7	5
3	1	243	0	21	16
3	2	243	0	18	11
1	1	244	51	916	625
1	2	244	27	677	924
2	1	244	512	180	680
2	2	244	344	453	221
3	1	244	99	514	850
3	2	244	150	816	921
1	1	245	93	147	256
1	2	245	61	136	387
2	1	245	319	81	287
2	2	245	189	101	103
3	1	245	38	316	416
3	2	245	37	330	386
1	1	246	2965	893	4907
1	2	246	1411	784	6245
2	1	246	6164	1455	6305
2	2	246	3696	2227	1647
3	1	246	907	4928	7549
3	2	246	764	5915	7809
1	1	247	5445	9837	11876
1	2	247	2279	7144	18774
2	1	247	3984	10696	13949
2	2	247	2710	17292	6354
3	1	247	3548	11882	18377
3	2	247	2932	13840	20206
1	1	248	2	4	5
1	2	248	0	6	12
2	1	248	0	2	8
2	2	248	4	5	1
3	1	248	0	1	5
3	2	248	3	7	8
1	1	249	445	994	1134
1	2	249	185	930	1669
2	1	249	954	520	1386
2	2	249	843	854	609
3	1	249	110	1325	1805
3	2	249	131	1897	2361
1	1	250	93	342	266
1	2	250	46	232	628
2	1	250	235	275	415
2	2	250	150	298	146
3	1	250	3	387	544
3	2	250	4	474	464
1	1	251	15	7	33
1	2	251	10	7	53
2	1	251	22	19	48
2	2	251	9	45	16
3	1	251	7	29	63
3	2	251	8	55	43
1	1	252	459	1654	1406
1	2	252	170	1004	2511
2	1	252	575	927	1605
2	2	252	364	1775	491
3	1	252	455	965	1864
3	2	252	395	1845	1912
1	1	253	33	302	203
1	2	253	11	177	344
2	1	253	139	114	251
2	2	253	65	212	86
3	1	253	53	246	281
3	2	253	59	257	352
1	1	254	117	512	555
1	2	254	66	274	915
2	1	254	431	291	720
2	2	254	227	463	194
3	1	254	51	710	1056
3	2	254	45	856	720
1	1	255	783	606	1456
1	2	255	381	456	2169
2	1	255	403	1114	1640
2	2	255	307	1904	538
3	1	255	86	1688	1945
3	2	255	71	2010	1477
1	1	256	185	23	204
1	2	256	77	22	488
2	1	256	115	205	316
2	2	256	69	237	93
3	1	256	203	147	441
3	2	256	160	178	363
1	1	257	60	158	151
1	2	257	22	102	290
2	1	257	83	109	181
2	2	257	52	166	59
3	1	257	23	191	205
3	2	257	27	181	255
1	1	258	13	46	45
1	2	258	4	32	80
2	1	258	7	29	54
2	2	258	7	75	26
3	1	258	3	62	83
3	2	258	1	87	66
1	1	259	22	108	90
1	2	259	20	99	146
2	1	259	72	58	92
2	2	259	39	72	24
3	1	259	13	145	170
3	2	259	12	143	172
1	1	260	30	30	80
1	2	260	13	23	114
2	1	260	59	34	72
2	2	260	47	52	26
3	1	260	41	41	116
3	2	260	41	48	101
1	1	261	36	260	185
1	2	261	16	152	399
2	1	261	17	187	237
2	2	261	14	271	116
3	1	261	79	199	318
3	2	261	47	187	257
1	1	262	63	719	463
1	2	262	52	586	974
2	1	262	264	378	605
2	2	262	197	468	235
3	1	262	39	639	736
3	2	262	28	901	898
1	1	263	129	420	414
1	2	263	75	352	836
2	1	263	332	209	598
2	2	263	286	327	230
3	1	263	195	490	772
3	2	263	118	563	879
1	1	264	3944	5065	8133
1	2	264	2002	3790	12049
2	1	264	3639	6771	10321
2	2	264	2376	9669	3738
3	1	264	2115	10314	15530
3	2	264	1572	12712	14013
1	1	265	163	442	434
1	2	265	83	369	730
2	1	265	192	363	620
2	2	265	92	588	208
3	1	265	84	574	846
3	2	265	70	664	741
1	1	266	28	327	223
1	2	266	7	282	418
2	1	266	112	169	271
2	2	266	70	293	100
3	1	266	41	281	371
3	2	266	51	327	327
1	1	267	13735	33046	35282
1	2	267	6935	25035	76230
2	1	267	11167	34353	47357
2	2	267	7315	49049	16964
3	1	267	10643	41866	59239
3	2	267	10885	45694	67604
1	1	268	144	580	530
1	2	268	82	460	1205
2	1	268	476	289	708
2	2	268	367	474	262
3	1	268	106	635	1014
3	2	268	64	817	1052
1	1	269	3	34	29
1	2	269	0	34	50
2	1	269	24	16	33
2	2	269	20	20	12
3	1	269	28	25	41
3	2	269	17	19	41
1	1	270	9	15	18
1	2	270	2	10	26
2	1	270	1	16	37
2	2	270	2	31	7
3	1	270	26	16	26
3	2	270	7	13	34
1	1	271	119	118	177
1	2	271	74	102	383
2	1	271	165	97	240
2	2	271	113	202	90
3	1	271	53	251	368
3	2	271	40	273	262
1	1	272	167	652	636
1	2	272	96	423	1083
2	1	272	147	423	660
2	2	272	104	788	300
3	1	272	172	607	984
3	2	272	120	806	988
1	1	273	13	5	25
1	2	273	8	5	28
2	1	273	17	13	21
2	2	273	19	21	17
3	1	273	4	20	37
3	2	273	3	37	32
1	1	274	1791	1329	3275
1	2	274	938	1008	5359
2	1	274	3539	1215	3867
2	2	274	2069	1980	1301
3	1	274	636	3284	6580
3	2	274	511	4232	4034
1	1	275	511	520	1158
1	2	275	311	342	1803
2	1	275	480	839	1093
2	2	275	353	1194	362
3	1	275	34	1433	1810
3	2	275	39	1689	1727
1	1	276	1903	3250	3438
1	2	276	834	2048	6789
2	1	276	809	3064	5619
2	2	276	443	6543	1969
3	1	276	337	4604	6337
3	2	276	283	5581	6438
1	1	277	10	30	19
1	2	277	3	19	32
2	1	277	22	3	26
2	2	277	9	9	10
3	1	277	7	16	37
3	2	277	10	29	43
1	1	278	2	25	21
1	2	278	1	14	48
2	1	278	4	19	29
2	2	278	4	25	13
3	1	278	3	35	27
3	2	278	1	34	39
1	1	279	78	120	169
1	2	279	40	79	331
2	1	279	297	33	246
2	2	279	219	51	95
3	1	279	8	277	349
3	2	279	8	330	294
1	1	280	5	13	12
1	2	280	0	4	15
2	1	280	6	6	8
2	2	280	8	5	2
3	1	280	8	10	25
3	2	280	10	6	13
1	1	281	304	83	472
1	2	281	190	43	759
2	1	281	230	214	596
2	2	281	158	500	222
3	1	281	23	544	750
3	2	281	10	753	698
1	1	282	69	1415	769
1	2	282	44	937	1325
2	1	282	712	418	1219
2	2	282	478	586	373
3	1	282	374	852	1469
3	2	282	266	1165	1341
1	1	283	447	1659	1340
1	2	283	193	1077	2339
2	1	283	583	1082	1665
2	2	283	416	1566	537
3	1	283	241	1487	2177
3	2	283	257	1816	2024
1	1	284	115	18	184
1	2	284	69	13	344
2	1	284	256	37	240
2	2	284	198	66	75
3	1	284	20	253	325
3	2	284	19	340	283
1	1	285	478	814	1390
1	2	285	261	632	2203
2	1	285	528	1105	1432
2	2	285	257	1389	704
3	1	285	781	767	2018
3	2	285	655	1138	1775
1	1	286	2862	12127	9691
1	2	286	1399	7839	16420
2	1	286	4119	8164	12840
2	2	286	3029	12825	4603
3	1	286	171	15652	18891
3	2	286	135	17462	13551
1	1	287	402	8249	3786
1	2	287	238	4051	6202
2	1	287	2959	2494	6063
2	2	287	2141	4441	1931
3	1	287	614	5021	7409
3	2	287	418	6851	8685
1	1	288	106	191	239
1	2	288	72	124	547
2	1	288	119	275	387
2	2	288	76	341	150
3	1	288	118	360	582
3	2	288	116	359	547
1	1	289	413	1981	1941
1	2	289	213	1467	2711
2	1	289	881	1134	2081
2	2	289	740	1884	808
3	1	289	453	1701	2445
3	2	289	416	1916	2832
1	1	290	4	46	28
1	2	290	1	34	51
2	1	290	25	16	36
2	2	290	17	18	17
3	1	290	3	32	41
3	2	290	1	50	61
1	1	291	6	3	14
1	2	291	1	3	18
2	1	291	9	14	23
2	2	291	3	15	5
3	1	291	5	14	25
3	2	291	6	27	20
1	1	292	27	228	168
1	2	292	7	187	251
2	1	292	121	97	211
2	2	292	69	99	61
3	1	292	9	212	197
3	2	292	16	245	247
1	1	293	7	36	32
1	2	293	6	19	69
2	1	293	12	30	42
2	2	293	8	44	21
3	1	293	23	31	36
3	2	293	19	32	42
1	1	294	394	2200	1439
1	2	294	174	1194	2352
2	1	294	582	1136	2168
2	2	294	561	1749	733
3	1	294	269	1880	2290
3	2	294	246	1991	2429
1	1	295	450	459	717
1	2	295	242	406	1210
2	1	295	640	505	1005
2	2	295	378	948	379
3	1	295	195	946	1373
3	2	295	152	1184	1245
1	1	296	99	586	414
1	2	296	40	351	737
2	1	296	350	165	504
2	2	296	193	256	187
3	1	296	71	531	590
3	2	296	47	445	668
1	1	297	131	219	332
1	2	297	64	152	525
2	1	297	178	248	344
2	2	297	129	335	158
3	1	297	59	419	578
3	2	297	49	502	503
1	1	298	153	794	610
1	2	298	88	449	1316
2	1	298	365	394	770
2	2	298	302	557	271
3	1	298	337	519	1037
3	2	298	237	538	853
1	1	299	26	149	115
1	2	299	23	102	233
2	1	299	56	76	116
2	2	299	36	114	63
3	1	299	13	131	189
3	2	299	14	181	184
1	1	300	18	608	289
1	2	300	14	400	496
2	1	300	180	320	420
2	2	300	119	361	168
3	1	300	187	293	541
3	2	300	169	413	644
