gene_name	sup_latent	pel_latent	pvalue	condition
1	2.6315412857739187	0.6207950219439617	0	specific
2	2.3334959897800367	-0.030734762974052435	0	specific
3	2.95394695191495	1.1040935138922725	0	specific
4	0.8437755586608535	0.31167246305869395	0.002	specific
5	0.9535488409758219	-1.914369139349953	0	specific
6	5.745299139048553	5.035042625854213	0	specific
7	1.9287580765684655	0.4402438827303514	0	specific
8	2.183009914904221	-1.0201421454112436	0	specific
9	6.664181295453497	7.230545574943452	1	specific
10	6.394427095748546	5.251345343615888	0	specific
11	6.1272523894485165	4.589068610487652	0	specific
12	1.075079533328616	-2.065072775223002	0	specific
13	3.375743612246958	0.0366968608180789	0	specific
14	0.22478685838125528	-0.9939911815628601	0	specific
15	6.52089397778307	5.20585472483457	0	specific
16	0.7790566652778221	-0.43552291887959743	0	specific
17	4.763614415301076	1.533916855517286	0	specific
18	2.053743850590217	-1.3188926234100236	0	specific
19	4.310686939447534	-0.8655687397671543	0	specific
20	2.267861213432382	1.482329804114444	0	specific
21	4.645750889888325	4.158040439246014	0	specific
22	3.05521378654253	2.3267750580843893	0	specific
23	0.8493119036042001	-1.7013311512430234	0	specific
24	2.1515099230347987	1.6167535086342553	0	specific
25	1.8150487537055309	-0.7236285951242221	0	specific
26	2.0679541003398247	0.057128715626104914	0	specific
27	4.475838621066421	2.434322945775313	0	specific
28	0.4600996310804697	-1.768808790820077	0	specific
29	-0.6277218849924648	-2.037770826864146	0	specific
30	2.5843762740969582	1.0682582209908311	0	specific
31	6.591057750425695	3.281528561466209	0	specific
32	-1.1021251443723439	-2.7078844733593685	0	specific
33	2.2544775315342473	1.9912983384535874	0.0105	specific
34	1.0370829602114502	-0.2608104046071579	0	specific
35	2.1313281731689644	0.22054916454609924	0	specific
36	5.881745720170489	4.054698771693738	0	specific
37	4.558968253933291	4.046364012829487	0	specific
38	5.537723111680897	3.8658555959259755	0	specific
39	4.095254226229811	-0.25672697983268977	0	specific
40	4.565511547034086	3.7381115777241405	0	specific
41	3.2578823250252364	1.8778456067884146	0	specific
42	4.964042623015604	3.2707195315394735	0	specific
43	5.252492588319953	2.665723134669407	0	specific
44	3.828582403708743	2.6327186129945295	0	specific
45	5.403581170157581	3.787908959412542	0	specific
46	2.4955220726117124	-1.929524426796294	0	specific
47	3.779409922071226	3.520789501307388	0.0035	specific
48	5.575981414102552	6.490513196479197	1	specific
49	5.052298521116857	3.967555212917807	0	specific
50	6.358913191026769	3.259028514738199	0	specific
51	5.315352159108633	4.523496933624857	0	specific
52	2.2708549098122757	1.2442819049877754	0	specific
53	2.1977421004422437	1.3212032751968124	0	specific
54	4.449501545311322	4.016087867524302	0	specific
55	3.8358303853719677	2.7912819057031646	0	specific
56	6.1903999486845045	2.2050913386871196	0	specific
57	4.0895688208906265	2.23199097048756	0	specific
58	-1.449745530107967	-2.633710221705805	0.0125	specific
59	6.034943711644981	5.959198329809425	0.2055	specific
60	6.892091286192546	4.443409192753258	0	specific
61	1.8105204816872162	0.5192732236606941	0	specific
62	3.0608778978275817	2.165939799501918	0	specific
63	3.8602696387803666	3.64431864788619	0.022	specific
64	4.829635592082948	2.85205603367488	0	specific
65	1.246156843362852	-0.40020765809688386	0	specific
66	2.338991101801665	0.5379516808632503	0	specific
67	0.9317207880378402	-0.023955599639926016	0	specific
68	2.178174064690891	0.7267419451787871	0	specific
69	1.3406949094302667	-0.740236968949641	0	specific
70	0.5916218827221239	-0.016781723202426643	0.003	specific
71	1.3860429097628704	-2.0541390518167515	0	specific
72	2.910571603065906	2.7258139216769814	0.0445	specific
73	4.072110928538304	2.71498408458397	0	specific
74	0.05477295919080024	-0.3901171027504944	0.044	specific
75	7.770530521884619	7.344480241677417	0	specific
76	1.413857942149841	-0.7053748425565455	0	specific
77	4.64303887213355	4.413262321436213	0.0065	specific
78	-0.016681061713435363	-0.07639439643918661	0.4025	specific
79	3.1352924578594497	-0.2576952225391996	0	specific
80	4.891668997738973	2.17062853507131	0	specific
81	2.837681760920254	2.0714651507428226	0	specific
82	1.5644654477090856	-3.2614612997576584	0	specific
83	1.4859320609302085	0.2630587595712419	0	specific
84	-0.18607929826281916	-0.22846842654482036	0.4395	specific
85	5.038667626452368	2.8173761241829376	0	specific
86	4.562569769851786	2.5945941837515196	0	specific
87	2.005083627836807	-0.8852137715991448	0	specific
88	4.557390694731513	2.137390275504178	0	specific
89	4.88461763952848	3.5746843190735564	0	specific
90	5.725445488825406	2.7737749484288425	0	specific
91	1.5807944168247032	-0.6277047179014762	0	specific
92	4.616067698050697	2.913985732098485	0	specific
93	1.5885481039386975	0.6628455611964925	0	specific
94	6.757540082843541	5.982808951432111	0	specific
95	4.989334760223295	4.344292699422395	0	specific
96	7.261814369060527	2.651828141357841	0	specific
97	2.165872864374603	-0.7117955167204759	0	specific
98	9.374513116648977	10.135859298295184	1	specific
99	5.191118410056193	3.953474198261503	0	specific
100	3.001652850226497	0.05346372755645476	0	specific
101	1.8888337073126127	1.2196925280337	0	specific
102	2.269127394671324	0.5090486903303468	0	specific
103	1.0562617652782431	-1.6092558521535258	0	specific
104	4.359233862014192	1.1045039919400046	0	specific
105	0.3714484277666851	-1.8169587832540475	0	specific
106	0.19462956434416467	-0.2879882355684188	0.023	specific
107	4.963175094485571	3.7454528516311987	0	specific
108	2.3175143426647353	-2.5239664899001824	0	specific
109	-0.7406545617080108	-2.2233617084369888	5e-4	specific
110	6.448597889263111	4.7046693132941275	0	specific
111	3.358499257334875	0.8258497335121351	0	specific
112	2.290171064302262	3.569178035525736	1	specific
113	5.983792704934956	4.556074628824387	0	specific
114	2.681727303280797	1.3636927422357439	0	specific
115	1.840010379759588	-1.1172699912092747	0	specific
116	1.9294485460866726	-1.1278047388429762	0	specific
117	3.53603828137617	1.9071313755722168	0	specific
118	2.386318445667003	-2.8343849055178234	0	specific
119	6.8577202081288045	4.572513950506712	0	specific
120	4.971947236787525	3.5916008003600695	0	specific
121	0.20170924355472175	0.4542812351629864	0.889	specific
122	2.416650142467711	0.25822175743584264	0	specific
123	3.0380113454398883	-0.7422390151812612	0	specific
124	7.627417008689243	7.185497009252503	0	specific
125	5.14697180481773	3.7445041673520265	0	specific
126	1.7216966070884818	-0.8582053515633812	0	specific
127	1.433755508928745	-0.40757859589343504	0	specific
128	5.550380977464894	0.3702864431810273	0	specific
129	2.719645678679096	1.3743236407478054	0	specific
130	-0.16965823380704093	-1.700566537001213	0	specific
131	0.10097303760545728	1.571414784475955	1	specific
132	6.476482836275794	6.050187077616414	0	specific
133	5.421741280666939	4.792303855398124	0	specific
134	5.034392175673297	1.715495911476261	0	specific
135	2.4291481055157127	1.2942338295914824	0	specific
136	0.2433015086018341	-1.4702994934974045	0	specific
137	3.5311659931696697	1.4748159486816332	0	specific
138	5.483079374068961	4.737849747931943	0	specific
139	4.007276999814247	2.740438954471739	0	specific
140	3.9375155399659967	2.571388395607241	0	specific
141	-0.2190449438399511	-0.30636282887034283	0.3665	specific
142	4.246386056107838	3.213964705610102	0	specific
143	4.433226588732769	3.0516599561903153	0	specific
144	7.1022440529938855	3.354958856759248	0	specific
145	4.345972348433538	5.020232712448642	1	specific
146	4.447738861375068	0.4649614233094086	0	specific
147	5.618904196213327	2.328699166907563	0	specific
148	5.004393531476023	2.0312845969096855	0	specific
149	6.254850694572209	5.86455409630471	0	specific
150	3.5906356826848462	1.7688790721851815	0	specific
151	0.08177502632418086	-2.9184310442764243	0	specific
152	1.8480174461939556	2.520215387942952	1	specific
153	4.052599020171698	2.295040537305893	0	specific
154	2.1540769663360884	1.2395800622590318	0	specific
155	7.349916251840211	6.070077751176206	0	specific
156	2.858456004395432	1.7986346276210385	0	specific
157	2.800388729196057	0.2077770086637674	0	specific
158	2.8332500179998528	0.8260919336999993	0	specific
159	0.4249781946479414	-1.0807605366125195	0	specific
160	5.149540912298077	3.2440337647731696	0	specific
161	8.388840005056148	7.967324748718642	0	specific
162	1.813049433100149	1.8215278856764392	0.511	specific
163	5.723847150087757	2.984977090490891	0	specific
164	6.852647443659141	4.668333744803245	0	specific
165	3.4728548189391453	0.5026900299075827	0	specific
166	4.716321580531128	4.21199587055475	0	specific
167	0.08442271438109264	0.12577040763848582	0.5735	specific
168	5.1577405377740675	2.72334816972222	0	specific
169	6.186242974272888	2.1205592389575387	0	specific
170	-1.4556113266898079	-2.350497917769229	0.0575	specific
171	2.15638844193505	1.980821848348619	0.067	specific
172	4.264820473075353	1.1020923590915217	0	specific
173	2.4510490153981	0.5064424808035007	0	specific
174	2.3587456115985246	1.8109049925413254	0	specific
175	0.9139169893954926	-0.40661863225949	0	specific
176	2.959373686685331	0.6515933328572059	0	specific
177	3.9825300253621556	2.2609907250116277	0	specific
178	-1.1938194561813649	-2.2762640798418543	0.019	specific
179	1.4611818658943272	-4.10485332198906	0	specific
180	4.013104523598095	2.4474918417498825	0	specific
181	3.254635926822984	-2.234004192220194	0	specific
182	7.644665673797009	3.2927062499150894	0	specific
183	3.066824053268155	1.5034330462595458	0	specific
184	4.310367281529639	3.212657891106511	0	specific
185	7.145257665492159	3.9611684896562083	0	specific
186	0.5939639491899085	0.3135466552322578	0.062	specific
187	1.640868698535556	0.49131633587685697	0	specific
188	3.367923186796383	2.4768360700763568	0	specific
189	2.2853200357767163	0.5968169171146559	0	specific
190	0.6796044352155328	0.6779998456773294	0.4995	specific
191	1.0932320680627452	-4.052562034369984	0	specific
192	4.929012082482831	3.498278040553705	0	specific
193	1.1873598089671709	-0.5631487461608178	0	specific
194	-0.6557633861084757	-2.0090857810359557	0	specific
195	2.6660564820176313	-0.23490080356832527	0	specific
196	3.52548444259748	1.11585744466774	0	specific
197	4.03161798821236	1.2551034726950094	0	specific
198	6.235377589730983	1.5990742518059822	0	specific
199	3.5180077794283937	1.0875446601361527	0	specific
200	4.576809578061312	3.662531017201629	0	specific
201	-0.05656979284426434	-3.276292751752554	0	specific
202	1.2396237777633314	-0.22212934134151735	0	specific
203	7.902755265542842	5.243303025985616	0	specific
204	4.702088724492317	6.260651694354696	1	specific
205	4.824967836945332	3.9151965662936563	0	specific
206	4.749791440108311	3.2877302622053	0	specific
207	2.14148841882109	2.490609718345575	0.998	specific
208	4.237301105320493	1.5814854236911686	0	specific
209	6.872482510962763	6.289747863980798	0	specific
210	2.099522093016727	1.6884793884014573	0.001	specific
211	4.512119928588808	4.571923278839029	0.7365	specific
212	4.325486543858792	3.150362286317362	0	specific
213	3.611060261023893	0.9067421494334109	0	specific
214	0.5183981247326719	0.5695228864861812	0.614	specific
215	5.091041742584919	0.6844560401162768	0	specific
216	1.7093838732944104	-0.42846877707177466	0	specific
217	2.746043693002589	1.1765289149273517	0	specific
218	4.878026041638188	1.5873633332680503	0	specific
219	5.736956498800459	4.193019813026542	0	specific
220	2.077417492439257	-2.2672327849164065	0	specific
221	4.373893901615464	3.242906243625032	0	specific
222	7.3243819918918165	2.1854064842139707	0	specific
223	5.0869628512711556	4.518318507459963	0	specific
224	5.54534911297519	0.5045909327798599	0	specific
225	3.996633026451881	2.1435892654009443	0	specific
226	3.5291203492674703	3.5379772154893554	0.538	specific
227	-0.0030913695253991158	-2.016832306592571	0	specific
228	4.524313539361794	2.020090129455653	0	specific
229	4.707018083411828	2.662247585561617	0	specific
230	1.730863945881352	0.35971415540489293	0	specific
231	3.6794577442393575	1.9768543851921399	0	specific
232	2.6614331549943167	-1.639256843644735	0	specific
233	4.14402096522006	2.974939133702247	0	specific
234	4.767920471981171	3.644835726391495	0	specific
235	4.9540336882488925	3.1826696358275455	0	specific
236	4.78407230181387	3.8140331821369733	0	specific
237	3.562771998324398	0.41985931256865383	0	specific
238	9.01341201577217	6.017534128343064	0	specific
239	2.754470393253232	2.5649271884793263	0.036	specific
240	1.9478651594531398	-3.352665471021949	0	specific
241	1.3472635985602832	-2.2105645263933402	0	specific
242	3.50092419489708	2.019313029554766	0	specific
243	3.2341391652424623	2.6537415510287197	0	specific
244	3.9573665653789156	4.54884414463023	1	specific
245	1.593844803690762	0.4760716323879348	0	specific
246	6.672970222233567	7.57190850581526	1	specific
247	6.058263958105063	3.7812557605133867	0	specific
248	3.4953738983359472	2.5183724406442227	0	specific
249	4.461384364303882	3.7945651233070796	0	specific
250	1.1297009075232292	1.2178584573207498	0.715	specific
251	5.121293999193624	2.6046959689697378	0	specific
252	5.676723198207634	4.866823120800678	0	specific
253	6.185573894606867	3.094728365679427	0	specific
254	6.941691135807557	4.419122855118319	0	specific
255	-0.2641408971207075	-2.739708718637101	0	specific
256	0.6246828418323391	-1.2399716845313127	0	specific
257	2.217122772145479	-1.5215366545344504	0	specific
258	5.0770916471831455	4.163778821708525	0	specific
259	3.6812051876113894	1.022998522500035	0	specific
260	5.106587148872041	2.274737214731628	0	specific
261	4.02922291718993	0.5967869573215513	0	specific
262	2.7807631907717596	0.7328315786875408	0	specific
263	2.7334662908902607	0.3296233715536503	0	specific
264	3.7998353119467065	1.0584439929185665	0	specific
265	3.1924105505943063	0.4040997132387131	0	specific
266	2.9003612858987537	2.132923684894317	0	specific
267	3.7128779940452743	-0.587143371526996	0	specific
268	1.075690979418738	-2.0601410603563095	0	specific
269	6.302533056911091	4.690952015290636	0	specific
270	3.4442458971168253	0.5901900962717476	0	specific
271	5.173281950142414	3.853204543791174	0	specific
272	2.904166265148298	-0.598103206892997	0	specific
273	4.9757931029319975	1.7025726141849198	0	specific
274	0.09824811521645682	0.12488597545758212	0.5485	specific
275	5.320508797445757	3.6530818235883418	0	specific
276	0.036556511524503676	-1.6027809400089406	0	specific
277	3.8383183634758136	1.0068441750048485	0	specific
278	-0.7642407886591274	-2.4046146527742254	0	specific
279	3.889940528186586	2.401580816313256	0	specific
280	-0.2333253746932289	-1.310974236418768	0	specific
281	4.143075869272181	-0.17012791401250768	0	specific
282	3.7922028886302392	3.289622068312133	0	specific
283	3.349697730341054	1.4748320554011063	0	specific
284	5.9406784846285365	4.049272085399529	0	specific
285	5.534632201436878	3.447994523305802	0	specific
286	2.1310559745503515	1.8685060619850002	0.0125	specific
287	4.974812330782792	3.289317951468151	0	specific
288	1.151622133710181	0.8773058316955766	0.0525	specific
289	8.262760838231351	5.23452074822692	0	specific
290	1.1416687203226519	0.056034586383877746	0	specific
291	3.0935610082974403	1.2150556137039699	0	specific
292	1.236190371634392	0.3764423307070496	0	specific
293	3.276503179687582	2.408559325770651	0	specific
294	4.508294584381554	4.1302364466933	0	specific
295	1.6821326887027914	-0.6273034958033463	0	specific
296	5.517944953250858	2.6471779206949684	0	specific
297	8.101050154967538	7.8465738021744755	5e-4	specific
298	2.4602369046153294	1.1840228356034403	0	specific
299	4.244404765145206	2.1015821883595436	0	specific
300	-0.1382213809348869	-2.181777630460395	0	specific
1	2.4552295520807266	2.5518061557871077	0.762	marginal
2	2.5220744204814247	1.5804149621060546	0	marginal
3	3.2352242011715493	1.886102478455155	0	marginal
4	1.5020248365020792	0.7649632895948097	0	marginal
5	1.1434121496257588	-0.023268897256453598	0	marginal
6	6.512849822848303	4.634592974341378	0	marginal
7	1.523344187937513	1.796984134896363	0.9515	marginal
8	2.5655792506141077	0.680746545934684	0	marginal
9	8.009780428754619	6.341637300877956	0	marginal
10	7.01951293912308	5.541001723689728	0	marginal
11	5.983879541506402	5.973921347268865	0.4525	marginal
12	0.8283740562593402	0.6924316277844612	0.2825	marginal
13	3.8322668278716048	2.0744997286916833	0	marginal
14	0.7814293544418337	0.10975733100286283	0.0045	marginal
15	6.8465050072053835	5.957204711069372	0	marginal
16	1.1984764491239699	0.33457709242545963	0	marginal
17	5.1438033021331755	3.3964086445305197	0	marginal
18	1.5885991779308157	1.8594292665902092	0.951	marginal
19	4.678191318183542	2.597756620173655	0	marginal
20	2.294042679707223	2.5195347344165016	0.956	marginal
21	5.063239087742502	4.377960286473963	0	marginal
22	3.3814668614322216	3.1822047917185463	0.043	marginal
23	1.2458397853114256	-0.3879875081281108	0	marginal
24	2.528268860695399	2.0491000754491813	0	marginal
25	1.511958731680139	1.6600809539366332	0.824	marginal
26	2.653528070419574	0.5293797647562866	0	marginal
27	5.173823942427646	3.027683457078624	0	marginal
28	0.5226686944357459	-0.09181894234773205	0.0135	marginal
29	-0.3220372661471805	-1.5749794565237507	0.007	marginal
30	2.7968199063084813	1.5908803361983828	0	marginal
31	6.556422603318698	6.113944224836935	0	marginal
32	-1.2541956879656768	-1.0720035697332384	0.6395	marginal
33	2.586822923749216	2.4123795869524183	0.084	marginal
34	1.3206934498342537	0.6126762360199907	0	marginal
35	2.430587221237218	1.6499382307633614	0	marginal
36	6.101913448476019	5.3670948558395395	0	marginal
37	5.442712043275153	3.4789149072636922	0	marginal
38	5.82301393150663	4.921109436825915	0	marginal
39	4.459351698696006	2.0987169035013022	0	marginal
40	5.367669890122098	3.1789129011124064	0	marginal
41	3.754744547402501	2.3922110343392964	0	marginal
42	5.65508439323839	3.694555572445768	0	marginal
43	5.65966755236974	4.105987556470071	0	marginal
44	4.14085454142111	3.2939526860239754	0	marginal
45	5.271858258902902	5.432528411095432	0.9315	marginal
46	2.7256454527915794	1.217269310019899	0	marginal
47	4.277137801849537	3.67711859240217	0	marginal
48	7.249926117549548	4.864882590705477	0	marginal
49	5.693392741949312	3.9551177400394266	0	marginal
50	6.708969785493585	4.890109171779525	0	marginal
51	5.7121058471096084	5.036515683747326	0	marginal
52	2.8551379455862147	1.3996978817391388	0	marginal
53	2.3334288993376187	2.1635963420641438	0.1165	marginal
54	5.424650896088945	3.4248510959071785	0	marginal
55	4.410781507268778	2.776961906321378	0	marginal
56	6.093062094365374	5.664416494474711	0	marginal
57	4.642346912966702	2.1125247158123477	0	marginal
58	-1.2575967733694953	-1.9237552758894383	0.1325	marginal
59	7.02970823342819	5.225875944954475	0	marginal
60	7.445908650867534	5.175926861357881	0	marginal
61	1.6878342520987006	1.8987442723969155	0.907	marginal
62	3.8799894422522696	2.050293606433843	0	marginal
63	4.870973937879624	3.3725818221038715	0	marginal
64	5.208152401505404	3.680445201666391	0	marginal
65	1.803288054665591	-0.10036562390493152	0	marginal
66	2.530040685875073	1.994868404438038	0	marginal
67	1.8805459881005757	-0.9853125058484132	0	marginal
68	2.1145149894055857	2.2112915526347	0.75	marginal
69	1.8990081092619782	0.392974572490027	0	marginal
70	0.8329883372534252	0.5517348855512956	0.106	marginal
71	1.6158628232720273	0.37279984580366154	0	marginal
72	3.9413249689890684	1.9606136842942816	0	marginal
73	4.5511372953889895	3.0031673846378286	0	marginal
74	1.2422181043823564	-2.6675112300795067	0	marginal
75	8.108224552237168	7.884541609960609	0.0225	marginal
76	1.8094068775117194	0.41129810706001946	0	marginal
77	5.0433175334630835	4.953817716668719	0.219	marginal
78	1.1862322339275215	-1.376302262212291	0	marginal
79	3.561461359485273	1.8427152828233644	0	marginal
80	4.953758135393276	4.472482714495979	0	marginal
81	3.060595207068225	2.6605569043989483	5e-4	marginal
82	1.9335417875900895	0.6903458196902454	0	marginal
83	2.188944750457594	0.9434408477551458	0	marginal
84	0.3450918233721447	-0.21437671453769586	0.0305	marginal
85	5.290700285842984	4.171965623830726	0	marginal
86	4.9696167293135485	3.57859027942798	0	marginal
87	2.251869997079141	0.916659265515158	0	marginal
88	3.6766751079702433	4.801628709963188	1	marginal
89	4.807048367710844	4.932550600400383	0.879	marginal
90	5.750449232985973	5.245873116502295	0	marginal
91	2.0702134714074405	0.5016012843257803	0	marginal
92	5.244001339974275	3.3497489679014354	0	marginal
93	2.0686126260322926	1.220511000522189	0	marginal
94	7.642727555651873	4.9149463039648555	0	marginal
95	5.79012975858273	4.137448269592169	0	marginal
96	6.884114575254077	7.026064165244337	0.9155	marginal
97	2.5046318296843073	1.3119293461337564	0	marginal
98	10.57689998355779	9.943691153347483	0	marginal
99	5.398647005741825	4.958464202089094	0	marginal
100	3.2807569474387637	0.985386973771651	0	marginal
101	2.138276716323168	1.6834430424668139	0	marginal
102	2.7154407287255333	1.2770372087810964	0	marginal
103	0.8633677203167693	0.47497893151476434	0.0385	marginal
104	4.7152903774020345	3.28811581852781	0	marginal
105	-0.34646335110057547	0.5986486985328633	0.9995	marginal
106	0.7848435812677164	0.21727552484230722	0.006	marginal
107	5.244515968697524	4.430525270057167	0	marginal
108	2.3804378386500016	1.6831259888070447	0	marginal
109	-0.9943660147239431	-0.81746116621	0.647	marginal
110	6.737974897874335	5.7873780809273025	0	marginal
111	3.6920034935454145	2.025891718541705	0	marginal
112	4.241803653985551	1.9238352258156919	0	marginal
113	6.447592105682045	5.100435873621862	0	marginal
114	3.102330230245988	1.8557561239316198	0	marginal
115	1.984302725543075	1.3129394251403612	0	marginal
116	1.575755816317399	1.9990275143534304	0.997	marginal
117	3.5563327097747726	3.3426929956095117	0.0305	marginal
118	2.266178707206506	1.789831507440745	0	marginal
119	7.076095916230527	6.323669129563719	0	marginal
120	5.631744494733999	3.3950324774743006	0	marginal
121	1.1801651185476065	0.05031816641846875	0	marginal
122	2.8098009386700946	0.9381147425498293	0	marginal
123	3.2325089625150385	2.183134167630458	0	marginal
124	8.440996204923398	6.962768815057675	0	marginal
125	5.873481914120148	2.464997415759914	0	marginal
126	2.295451652388696	0.7773743154800531	0	marginal
127	1.942131605004775	-0.19086235620510186	0	marginal
128	5.726400042133163	4.684163532994873	0	marginal
129	3.342317212443904	1.508332083545164	0	marginal
130	-0.0652274474333007	-0.8286112771658323	0.023	marginal
131	2.077964323240873	0.43405184529203844	0	marginal
132	6.715384729139313	6.788326910696259	0.752	marginal
133	6.129937293936955	4.568008068669424	0	marginal
134	5.385839326541629	3.94735526897015	0	marginal
135	2.9919310284849825	1.0543887861187988	0	marginal
136	0.1187886096291895	-0.34196494610363687	0.0805	marginal
137	4.002047425075032	2.096020658824873	0	marginal
138	6.244257210889655	4.573666533319377	0	marginal
139	4.20403495540206	3.5894805490508364	0	marginal
140	4.33638464103613	3.4738796945751176	0	marginal
141	0.8646234705703084	-0.7470921398544514	0	marginal
142	4.394453876065139	4.109136654382604	0.007	marginal
143	4.703073198684271	4.025199644594695	0	marginal
144	6.975094455680518	6.698463797652275	0.0035	marginal
145	4.73155136822751	5.360157834994852	1	marginal
146	4.798861169141018	3.135101402968883	0	marginal
147	5.982632719680275	4.179242879297511	0	marginal
148	4.935847665307832	4.580490880476663	5e-4	marginal
149	6.735095936436048	6.246476590447161	0	marginal
150	3.9448870280352426	2.0361293492475294	0	marginal
151	-0.19213882188600012	-0.12249050926546394	0.591	marginal
152	2.6638562094539884	2.919942758419542	0.972	marginal
153	4.471625361772038	2.446408805704997	0	marginal
154	2.8332253384246977	1.0460798063913408	0	marginal
155	7.920272100957396	5.977786345448207	0	marginal
156	3.3749558285226122	2.0290486287884146	0	marginal
157	2.3520554918252397	2.5852588196010204	0.9605	marginal
158	2.29834869551165	2.806682121405654	1	marginal
159	0.7522386428372959	-0.4984236730589652	0	marginal
160	5.654847171488427	3.947536799388014	0	marginal
161	9.076713971429763	8.157100313823728	0	marginal
162	2.9847926646661747	1.3253496567201926	0	marginal
163	5.875396939994435	4.971418650706164	0	marginal
164	7.25547015337996	6.032646935218314	0	marginal
165	3.4200214684995203	3.064044455345474	0.001	marginal
166	5.518154046305787	3.741128118448679	0	marginal
167	0.4905975770603227	0.5081079900348773	0.533	marginal
168	5.63554849679752	3.2350051357156606	0	marginal
169	5.4782336107505305	6.192495210873878	1	marginal
170	-0.9248098952330219	-1.2812169633666546	0.221	marginal
171	2.8678328933258985	2.07819172082176	0	marginal
172	4.186287834520925	3.7600235269325113	0	marginal
173	2.5757241015381904	1.9935187027642263	0	marginal
174	3.2052994241246915	0.8639070711192214	0	marginal
175	1.2738991667436768	0.11798905668885723	0	marginal
176	3.2397380163713283	2.2053939695082447	0	marginal
177	4.529879009826946	0.7828191247824897	0	marginal
178	-0.9524145471644938	-2.556619591563706	0.008	marginal
179	1.9049841535473395	-1.3838145868322735	0	marginal
180	3.8856790076498937	3.886481699143152	0.509	marginal
181	3.416600501885159	2.4028325406022835	0	marginal
182	7.998810318253788	6.182684998621978	0	marginal
183	3.4459383014724327	2.44409705242989	0	marginal
184	4.9699921905257725	3.2619225411414465	0	marginal
185	6.312838914991782	7.056986830354024	1	marginal
186	1.2623476832239184	0.8153738633259242	0.0125	marginal
187	2.4930682059744225	0.6727486564941996	0	marginal
188	3.150780772207203	3.559137160318436	0.9995	marginal
189	2.58203226645281	1.0681358048455527	0	marginal
190	1.6113326226249138	-0.6435971259885115	0	marginal
191	0.9710930292006645	0.8219380033455461	0.239	marginal
192	4.2721803500713484	5.243907240299125	1	marginal
193	0.8485588358459013	1.2102991412575204	0.9705	marginal
194	-0.3860064919206063	-1.09003300480662	0.0485	marginal
195	3.232877982449491	0.9248517094645712	0	marginal
196	3.5520576512032793	2.9950677989287207	0	marginal
197	4.268841883114569	3.1424686221539266	0	marginal
198	6.576977359615697	4.489409637888553	0	marginal
199	3.7360086956165883	2.9076957031125312	0	marginal
200	5.022363980641638	4.095328735213931	0	marginal
201	-0.024130586865564116	-1.4819948307017068	0	marginal
202	1.901243209309683	0.648805063917002	0	marginal
203	8.277276157562678	6.891773033188189	0	marginal
204	6.395422340685002	5.771845529164688	0	marginal
205	5.392329874487608	4.445844407831822	0	marginal
206	5.388993010904967	3.247599156810935	0	marginal
207	3.404696199358286	1.788739923161973	0	marginal
208	3.869827892791297	4.211717954046444	0.998	marginal
209	7.697823846962777	6.1087804140730135	0	marginal
210	2.3336362058949613	2.214350154374859	0.1995	marginal
211	5.3976558943516615	4.471473701670855	0	marginal
212	4.920720373140985	3.1245115965733783	0	marginal
213	3.6991908327708076	3.0847565568422675	0	marginal
214	1.7122865842944104	-0.4507798329628506	0	marginal
215	5.449289728280549	3.4408483885326433	0	marginal
216	2.155292420948248	0.05826126828944081	0	marginal
217	3.375790311248848	1.3267668489176043	0	marginal
218	5.023377001919063	4.099526295529728	0	marginal
219	5.888668839521573	5.220081574011077	0	marginal
220	2.0633385629417837	1.6757583288969513	0.007	marginal
221	4.876426052816161	3.445882528406889	0	marginal
222	7.110194400740767	7.177467423936641	0.739	marginal
223	5.870263174112701	4.212700466200142	0	marginal
224	5.882489795029247	4.394929676528547	0	marginal
225	4.416177418343343	2.7131337440782737	0	marginal
226	3.4008439306120453	4.260312229637327	1	marginal
227	0.1093298709791907	-0.430964677444552	0.049	marginal
228	4.817312328927666	3.0380182579367987	0	marginal
229	5.1944361055478865	2.724903121987425	0	marginal
230	2.331741018811497	0.238642412008416	0	marginal
231	3.981754106075562	2.6505005655231604	0	marginal
232	3.04099548928715	0.2643037058188328	0	marginal
233	4.757806733024282	3.312793308919453	0	marginal
234	5.352746964133205	3.7824533033402874	0	marginal
235	4.823686924011118	4.942662988005884	0.8705	marginal
236	5.548195445655603	3.3129102191400976	0	marginal
237	4.028843400703398	1.5836174650635266	0	marginal
238	9.04184917296913	8.588666991833819	0	marginal
239	3.9149252058516013	1.4795730980750632	0	marginal
240	2.342470056280775	-0.31500734214347736	0	marginal
241	1.4749224837716546	0.46986495783446053	0	marginal
242	4.162984778906817	1.809259334966721	0	marginal
243	3.1606026427871337	3.7142928311470333	1	marginal
244	5.407220905354981	3.788391333195884	0	marginal
245	1.7651671912148161	1.155618851515864	0.002	marginal
246	8.0148084353132	6.867678048787136	0	marginal
247	6.209630608431704	5.347383527651083	0	marginal
248	4.065406603689015	2.03910839113693	0	marginal
249	5.317267912481538	2.328933088223856	0	marginal
250	2.1900408153408386	0.8706883550969575	0	marginal
251	5.011087586151443	4.8727738755603776	0.1155	marginal
252	5.677854610791336	6.056869176413256	0.9995	marginal
253	6.586134919058391	4.633223671860719	0	marginal
254	6.973314319492278	6.307614429261255	0	marginal
255	-0.3296358026393773	-0.8692837429135525	0.0995	marginal
256	1.32545952890271	-0.3729449181893385	0	marginal
257	2.1678979681897763	1.410612090570715	0	marginal
258	5.5606213411614736	4.653132892313533	0	marginal
259	3.828243867962323	3.273857408040181	0	marginal
260	5.185748732217787	4.778701080981116	0	marginal
261	4.403952262476535	3.1440139947564063	0	marginal
262	2.884851511011386	2.1509301276707795	0	marginal
263	3.2353671436344533	1.256278581936173	0	marginal
264	4.165588310612957	2.2601400197729387	0	marginal
265	3.4110677609109894	2.4687980811432837	0	marginal
266	3.325915998269714	2.49771051850592	0	marginal
267	3.6433128010665943	3.0666496849259173	0	marginal
268	1.022462282253229	0.9028654282276214	0.281	marginal
269	6.737427203974214	5.472693094933126	0	marginal
270	3.501261419567027	2.875255227761458	0	marginal
271	5.701257206900097	3.973122639461427	0	marginal
272	2.8852678158489224	2.1044668640971964	0	marginal
273	4.871071451979622	4.532667639387838	0.002	marginal
274	1.1235811776080085	-0.4463436750301649	0	marginal
275	4.91428943213917	5.427369910694793	1	marginal
276	0.8242829508476227	-0.4999700532084252	0	marginal
277	3.6966203587938025	3.705930898345944	0.539	marginal
278	-0.8373890842573306	-0.49358854554853004	0.798	marginal
279	4.205481381624793	3.1617666018470914	0	marginal
280	0.42402065374673503	-1.1960689298586882	0	marginal
281	3.821227449682726	3.975457838669813	0.9175	marginal
282	4.1794600199821375	3.8532928326142097	0.001	marginal
283	2.9898122151344975	3.3196977891947723	0.999	marginal
284	5.950608164613676	5.708176040676413	0.017	marginal
285	5.600921702320772	4.984173686616721	0	marginal
286	3.2429634743121873	-0.23057089417865292	0	marginal
287	5.399591369431861	4.184241070774426	0	marginal
288	1.8897602233111386	-0.21787688254642715	0	marginal
289	8.625753117731236	6.970327257165241	0	marginal
290	1.5232379681853099	0.8148130292900456	0	marginal
291	3.4746235105310204	2.3518287675214635	0	marginal
292	0.8724928280306997	1.5573517182696832	1	marginal
293	3.9785866909682612	2.1409078251598848	0	marginal
294	5.5921331190837265	2.6903421518307598	0	marginal
295	1.6415282096015442	1.0538419243287398	0	marginal
296	6.004296330960932	3.4173909113260468	0	marginal
297	8.786881740483341	7.846225354389485	0	marginal
298	2.429578154792213	2.3172066038796104	0.218	marginal
299	4.690836713157726	3.371492285219439	0	marginal
300	0.37558956286970874	-1.3700751954459442	0	marginal
1	2.1838326269590906	2.5121244142015176	0.9975	random
2	0.8770346047592593	2.58504873119864	1	random
3	2.2219713932609713	2.888218737733339	1	random
4	0.30910798438989484	1.2469048774332512	1	random
5	0.5181427065597695	0.2731693635055994	0.155	random
6	5.799738004941026	5.393778290065196	0	random
7	0.7004169314980745	2.1312415198727215	1	random
8	1.2778939863712737	2.0059693007309916	1	random
9	7.555488696732707	6.643187831421184	0	random
10	6.466889606937308	5.57628780561465	0	random
11	5.763962176957328	5.8510362589453315	0.8085	random
12	0.3665009923667267	0.7750962351567566	0.9715	random
13	3.2949770489387973	2.6891628385448954	0	random
14	-0.4752397498886062	0.5456834034494582	1	random
15	5.814487818318554	6.65950687506818	1	random
16	0.12584179838764137	0.8489439170645705	1	random
17	4.149011381504629	4.396448564814538	0.994	random
18	1.7478676370174595	1.2758381995539922	0.0025	random
19	3.8726400397408427	3.870727862274394	0.4875	random
20	2.130349799341182	2.400740682240482	0.978	random
21	3.137663774853764	5.377269506623401	1	random
22	3.1745103154893988	2.9299694328721158	0.028	random
23	0.9548362303797171	-0.36909740476010927	0	random
24	1.8255477439027106	2.2326020101774358	0.9965	random
25	1.3403784438088744	1.7903804815887168	0.9995	random
26	2.201377199014658	0.7836159026785431	0	random
27	3.8704561133270237	4.418971017645583	1	random
28	-0.3569175284201316	0.639114588321368	1	random
29	-1.5794362166854166	-0.4360882399687034	0.997	random
30	1.6745746043302496	2.56810098502097	1	random
31	6.59577658081035	3.6967203444550583	0	random
32	-0.8684996030366134	-1.5134866543977572	0.0665	random
33	0.8454463945124091	2.950186366141267	1	random
34	0.010722856998430792	1.2646109063438087	1	random
35	-0.1203055526228297	2.3533264954918014	1	random
36	4.657638574562217	6.103038838198141	1	random
37	2.9429894543688793	5.203937030111629	1	random
38	3.960402195728199	5.846329441031599	1	random
39	2.9578034000155333	4.046478165330027	1	random
40	4.091498762384703	4.704477062443742	1	random
41	3.3706553156717844	2.216311339457851	0	random
42	4.421825737890263	4.933721501003945	1	random
43	4.318374045816494	5.351977785912153	1	random
44	3.7658253430164876	3.020712738819614	0	random
45	5.111311187817593	5.183127342859725	0.7795	random
46	2.315550493285582	1.57130838216769	0	random
47	4.064252636571428	3.2291712450058374	0	random
48	6.760432032865584	5.245131770040544	0	random
49	5.0684269733331115	4.440252650055322	0	random
50	5.846471960752139	5.814733834516308	0.378	random
51	4.4084330459007806	5.68475632034049	1	random
52	2.5872692950200795	1.1332342957643955	0	random
53	1.572889090596869	2.4037567842468643	1	random
54	4.829921436253944	4.032435639193981	0	random
55	3.5910818893832492	3.525393606024907	0.2695	random
56	5.9327816556997055	4.965369587802858	0	random
57	3.59875860568053	3.8637481409655487	0.997	random
58	-1.6508519246444835	-1.6863087619000139	0.482	random
59	6.3218908379925525	5.860799773238135	0	random
60	5.985278619839662	6.89796984091554	1	random
61	1.8567843202970602	0.6011226563055234	0	random
62	3.16643361551771	2.9378239708662095	0.0185	random
63	3.9157846723671352	4.071041810213384	0.917	random
64	4.79180550830028	3.889783733272882	0	random
65	0.12794934497541852	1.6321998740624193	1	random
66	2.504534918251017	1.3211306954972903	0	random
67	0.484234170822914	0.9269956761345366	0.983	random
68	2.4608022158573	1.0820248060793745	0	random
69	1.4164018339450206	0.026501038618613103	0	random
70	0.7574687494498344	0.3047761067256349	0.0185	random
71	-0.3125917456606603	1.5552093899175201	1	random
72	2.537525266008764	3.2193553964344725	1	random
73	3.5308663688125392	4.044652162974927	1	random
74	-2.1019020460916726	0.7349257464481513	1	random
75	6.787275409424286	8.350376107104964	1	random
76	0.2935007441727525	1.4963350354636362	1	random
77	4.501575448702194	5.0741945937900494	1	random
78	0.09159997549555576	0.20982438761083053	0.6705	random
79	2.8937974215741367	2.516954647853261	5e-4	random
80	4.924213052411514	2.6037002735878794	0	random
81	2.7000361500357797	2.874474160228174	0.928	random
82	-0.22398147301193772	1.959888676519352	1	random
83	0.8170747265470162	1.6960031959866693	1	random
84	-0.055806163348157224	0.16236604212242445	0.79	random
85	4.988924416343446	4.1121759678041965	0	random
86	4.518657709240724	3.8150570737384326	0	random
87	1.6846837760310929	1.554917258481746	0.1885	random
88	4.607694827313329	3.2308151629391997	0	random
89	5.164350581910561	4.028748842919537	0	random
90	5.576467211238803	4.72698258741962	0	random
91	0.34408340171859636	1.7852092365570962	1	random
92	4.471070719201194	4.126804018814614	5e-4	random
93	1.424558247341472	1.2375413986832937	0.134	random
94	7.169203110237058	5.66640594561167	0	random
95	5.321966117935807	4.404052261450943	0	random
96	6.216691168252165	7.175759336406735	1	random
97	1.5663654688922533	1.78237930153567	0.935	random
98	7.754524137702239	10.837458197887614	1	random
99	5.096207068376	4.7493342035253505	0.002	random
100	2.657234879618896	2.6667229145766997	0.519	random
101	2.121673009190138	1.4053889512607443	0	random
102	2.2870204840817934	1.751941738695575	5e-4	random
103	-0.08792105595516314	0.900918677688102	1	random
104	3.585432121587419	4.183212003817927	1	random
105	0.04526010244409981	-0.41859426448792314	0.077	random
106	0.6268937230095537	0.16257860940477034	0.0255	random
107	3.7625072764426424	5.171558431902561	1	random
108	0.046551562794895224	2.5219849763665967	1	random
109	-2.3590080029273635	-0.5225569924508153	1	random
110	6.23207117376635	6.056641704277231	0.0485	random
111	2.8806609558634877	2.8497883066462277	0.3895	random
112	3.601771488180071	2.9392633088339575	0	random
113	5.6301305479514925	5.77653240099141	0.9465	random
114	2.0100225430122363	2.821906508980405	1	random
115	1.3357772640085779	1.3568386650130249	0.5435	random
116	1.1495633320940772	1.8224461994404102	1	random
117	2.9429680752420557	3.5247608497650185	1	random
118	1.8378357312926277	1.8922982980722534	0.6595	random
119	6.843155711386946	5.428748735692986	0	random
120	5.01500172580257	4.150098341942918	0	random
121	-0.06377332919954215	0.8094044107887692	1	random
122	1.975191183033924	2.006434790655189	0.591	random
123	2.0831425721283083	3.0372339979899365	1	random
124	6.490479847410283	8.286988598121955	1	random
125	5.418913604873715	3.766719420290696	0	random
126	1.266026337784893	1.4734464807258967	0.891	random
127	1.194844713612985	1.1415747796106674	0.3725	random
128	4.401587530091785	5.585157169642477	1	random
129	2.013165419888727	2.8320341869609993	1	random
130	-0.5024561421110031	-0.8173328089436915	0.1925	random
131	-0.052838740333366885	1.9500504423287153	1	random
132	7.071408449018051	4.816787338367768	0	random
133	5.472280009545345	5.205355607256093	0.009	random
134	4.694018091465747	4.519756491007021	0.0625	random
135	2.215189669584502	2.235432993886271	0.5625	random
136	-0.7010338694751439	0.04372961285408942	0.9895	random
137	2.3010090400896637	3.640638413280503	1	random
138	5.682904466936946	4.850030367614645	0	random
139	3.8150507163494325	3.6260286571357927	0.0465	random
140	3.6538552723889928	3.735847249382883	0.777	random
141	0.04877269320506565	-0.04373681735966331	0.3625	random
142	3.1060532894147452	4.706051560333017	1	random
143	3.355879823809793	4.790552713162963	1	random
144	6.497504941581237	6.80946585148736	0.9985	random
145	3.686390637091942	5.495101450768862	1	random
146	3.536212273952115	4.297847044940674	1	random
147	5.5150828455164795	4.129241322570344	0	random
148	3.92853528682283	5.087489147512141	1	random
149	5.994547997218557	6.511955602454582	1	random
150	3.049083739042608	3.3995165768054805	0.9995	random
151	-1.5522297567825194	-0.24824352795050275	0.999	random
152	2.521282665355248	2.3909631566729375	0.145	random
153	3.814865416842202	3.631292566745562	0.047	random
154	2.1220131901248065	1.8985981510649415	0.05	random
155	6.0572434430737125	7.5330413471302595	1	random
156	3.2197087024319506	0.6275702075051095	0	random
157	1.767395349064939	2.807479251169993	1	random
158	2.2388548405930564	2.578699275343559	0.999	random
159	0.32522636010940936	0.08368894388165724	0.1665	random
160	4.953366199975653	4.4982387367379655	0	random
161	7.768663475702364	8.821547534858386	1	random
162	0.8839713768888886	2.7409811552619745	1	random
163	5.6823561920581245	4.635415302998458	0	random
164	5.663741322565817	7.052487036772931	1	random
165	3.4030042671973497	2.325101214245792	0	random
166	3.826068528737551	5.245770722774294	1	random
167	0.13550480684888816	0.28902106426940644	0.739	random
168	3.8825971710172142	5.303374045083157	1	random
169	5.932287996519296	5.405581356312158	0	random
170	-1.1589353855152225	-1.6931945221682971	0.151	random
171	2.093265770794178	2.5430887636268054	1	random
172	3.9364630459531256	3.3250226027699847	0	random
173	2.176427885642017	1.9509399372854523	0.0575	random
174	2.596861030885435	2.097580610082704	0	random
175	-0.3712994119042301	0.9395094551757247	1	random
176	1.8098312634491425	3.186253730818425	1	random
177	3.751754143803813	3.280770621419586	0	random
178	-1.8912607743096144	-0.9534889518174875	0.9705	random
179	0.5513222514042482	1.1386773540760284	0.999	random
180	3.99562846553632	3.257108191715733	0	random
181	1.8206097054801544	3.457352052014234	1	random
182	6.009379346030256	7.763081691499259	1	random
183	2.30238831603583	3.2064308384487346	1	random
184	4.574701452968609	3.4585746093692586	0	random
185	6.2072037648217515	6.882496245207601	1	random
186	0.5392812889349536	0.8817408571277743	0.958	random
187	1.4034219865216464	1.644788500057413	0.9355	random
188	3.538922587299936	2.4864923942247765	0	random
189	2.193707839622851	0.9501581184071307	0	random
190	-1.1773081483036698	1.5541422897372408	1	random
191	0.7582064195239036	0.6960082382102175	0.3925	random
192	4.722706929876798	4.493247887734259	0.021	random
193	0.13041297851764333	0.9925129294388674	1	random
194	-1.130002767043495	-0.9864693624687308	0.628	random
195	1.981204633017797	2.5770541010182004	1	random
196	2.7325773463928256	3.396091739417497	1	random
197	4.038824680038642	2.4188647508488947	0	random
198	5.622737329832041	5.875071164987809	0.991	random
199	3.5907831099517216	2.084225805134875	0	random
200	3.7361059700777624	4.810448368760289	1	random
201	-1.4802215241831163	-0.5174522715494202	0.9755	random
202	0.1430626587136377	1.4635478782244702	1	random
203	7.801971623008157	7.032408515293895	0	random
204	6.147507318639697	5.5627095121049015	0	random
205	5.044100368452428	4.176059687895518	0	random
206	4.119571189148497	4.85022659286838	1	random
207	2.9064124870770387	2.0849651468860775	0	random
208	3.4702427984785564	4.093960788043315	1	random
209	7.239738589076836	6.359446077112484	0	random
210	1.5297691630343548	2.540556873220566	1	random
211	4.28195974241413	5.049839180609032	1	random
212	3.868324086625025	4.252692068608171	1	random
213	2.94274709545645	3.410385076957378	1	random
214	0.9102580143752217	0.5664575052909414	0.039	random
215	3.6914796308518962	5.0016429301974545	1	random
216	0.3529295874344068	2.0718050763352585	1	random
217	1.9698561740863576	2.868307463011943	1	random
218	4.39491094707919	4.4885949934604294	0.822	random
219	5.359526569336743	5.3763601253834405	0.5525	random
220	0.4763073206203608	2.2733012282497116	1	random
221	3.8382023042121665	4.4214002792724365	1	random
222	4.203491142515168	7.703661267603483	1	random
223	4.5903152472307465	5.344291589154217	1	random
224	5.364640348256978	4.735974882613085	0	random
225	2.9502699141406143	4.078168207103609	1	random
226	4.2940932099658005	2.217070052630313	0	random
227	-1.9273469008927173	0.4385426214982839	1	random
228	3.9297089702050947	4.321014070397743	1	random
229	3.8301877391846917	4.75361384285074	1	random
230	1.8717819308422978	0.09630204304016482	0	random
231	3.5134607423678066	2.91315775241854	0	random
232	1.9899806018245219	2.118552524415615	0.82	random
233	4.232403819766726	3.713842886190566	0	random
234	4.696853966955375	4.336726395154615	5e-4	random
235	4.99603439259139	4.22525296531963	0	random
236	4.28629482216453	4.893994309346478	1	random
237	3.475385606888108	2.4697172028679586	0	random
238	7.603741241460623	9.157541518590655	1	random
239	3.431190963790293	2.052795328760759	0	random
240	1.9086936867041273	0.6139001479638373	0	random
241	1.605068648194048	-0.13715772713777385	0	random
242	3.142149972466214	3.225045012221603	0.7455	random
243	3.785469221874641	2.1004710080345643	0	random
244	3.0316795236513374	5.211714230851183	1	random
245	0.7650631025345462	1.7233757662597944	1	random
246	6.7406945505638785	7.850599076431488	1	random
247	4.5213274793075335	6.24747908951067	1	random
248	2.9233987355023556	3.5612336002552616	1	random
249	4.542834781061986	3.9740096539763377	0	random
250	1.4122573189971606	1.3309814739560748	0.307	random
251	4.886826714760129	4.27202252624449	0	random
252	6.148393789126926	3.6614713084180655	0	random
253	4.7837821320619724	6.350993383865312	1	random
254	5.40928847854786	7.096683959159417	1	random
255	-0.14494353208508587	-1.166522585276394	0.0025	random
256	0.4278368651740023	0.22130162293958525	0.2045	random
257	2.073465369269133	0.9784555406168747	0	random
258	5.5053936221203434	3.4541872203232113	0	random
259	3.790229314888564	2.3625693210175873	0	random
260	5.072575794416386	4.291410946666241	0	random
261	3.908246586250057	3.240477925640466	0	random
262	2.3931588133992268	2.4024231180998514	0.5405	random
263	2.4369693750656003	2.132345038925657	0.01	random
264	2.854350143520224	3.6760613159189752	1	random
265	1.0929303386746856	3.5290153209746293	1	random
266	2.8416500176532145	2.5145524778953616	0.0075	random
267	3.285695170208516	2.9861004620311276	0.003	random
268	0.8081948079726258	0.09344547775232336	0.003	random
269	5.236423885239824	6.49074290601418	1	random
270	3.0366025137372934	3.1454625408056307	0.817	random
271	4.745345878135226	5.0942907037108185	1	random
272	2.6476294735105785	1.8571509831844086	0	random
273	4.800926282107722	3.9306285425946212	0	random
274	0.1293236750218987	0.509075225801163	0.9415	random
275	4.439813004471246	5.297646326300001	1	random
276	-0.4990832376915961	0.2850500292187933	0.998	random
277	2.3975818960767317	4.166935668736109	1	random
278	-0.3550982489664384	-2.3641361974137016	0	random
279	3.8681008751322246	3.1018154411068295	0	random
280	-0.7552756235960482	0.04815468019083734	0.998	random
281	3.8201333850415975	3.3474369576255336	0	random
282	4.031673215184071	2.464468632221876	0	random
283	1.1526825604290434	3.743112449208056	1	random
284	6.088216402162475	4.233490429052631	0	random
285	4.953055217876318	5.234599037721081	0.9995	random
286	1.6993133292289624	2.5752637303700685	1	random
287	4.919952726595717	4.3191051982296935	0	random
288	1.6420339847076364	-0.3538777303132299	0	random
289	6.568696953076252	8.47322795972201	1	random
290	0.6011324218738348	1.116312198888516	0.994	random
291	3.2453529257012566	1.7090247964731362	0	random
292	0.9793745042682709	1.0877844145291462	0.727	random
293	3.1413190922352436	3.0742844633153723	0.267	random
294	4.4667456432830015	4.683923223065799	0.9835	random
295	1.5192945987167403	0.8069347019482666	0	random
296	4.530224894737076	5.462599701872262	1	random
297	8.330624518280452	7.918712784654922	5e-4	random
298	2.6354132400560046	0.562325908854602	0	random
299	4.1108342847942065	3.642803148704516	5e-4	random
300	-0.7996472981593012	-0.4747378876208958	0.811	random
