gene_name	baseMean	log2FoldChange	padj	condition
1	71.21064123402512	0.6208693456231041	0.012052641397248284	specific
2	46.981536105698076	1.1474389292542544	2.2196951999284252e-4	specific
3	105.12627646104845	0.42553100150957723	0.05136929179912498	specific
4	26.9817254902408	-1.4439161433536578	2.3219772161185455e-5	specific
5	10.774524249720754	1.9566370112280993	0.005908319551512013	specific
6	3353.806971131483	-1.2108416419348065	8.201700621128719e-16	specific
7	44.075640484300905	-0.08091636604014316	0.7950746871427633	specific
8	35.60259309459152	2.4046132823380697	3.484996484093461e-8	specific
9	23000.71475536821	-3.0350417322718535	4.646073857272182e-171	specific
10	4862.817519733067	-0.5800954247573807	5.1280381354873065e-5	specific
11	2987.5894666846048	-0.010138214452750236	0.9422078284378912	specific
12	10.316426630814943	2.337109358092397	0.0028806650212369147	specific
13	105.79296887667485	2.5323344882085035	5.797169909647079e-20	specific
14	8.277096915596163	-0.49426998077215173	0.42986972616991614	specific
15	4961.355608201323	-0.33427520791924636	0.0038279538933519517	specific
16	17.064436341605607	-0.4994277724923347	0.25740135713988077	specific
17	449.65681016154747	2.4364097021618267	1.087725003177758e-54	specific
18	28.24137156019529	2.6510411119127273	1.6871365814392068e-7	specific
19	240.65384791708036	5.232512905524044	2.4025572437761445e-43	specific
20	98.29727812682917	-1.115086335984312	8.833728735980364e-9	specific
21	1324.3854582030667	-1.5293430273033828	1.3477605644872881e-32	specific
22	218.32210199844826	-1.2286830003379867	3.8587718466149975e-13	specific
23	8.867637024019498	1.5081937790370081	0.03567311038643514	specific
24	105.24359789484976	-1.4747336522104204	4.316921262903343e-14	specific
25	27.729302299984806	1.4560580972473416	4.388665191383883e-4	specific
26	40.216585272931184	0.6459296000191853	0.03974086775443252	specific
27	452.0857364266201	0.7013228763286644	1.8886938533652595e-6	specific
28	7.2732328743284365	1.0855979585233404	0.14790901692777264	specific
29	3.275197695877095	-0.17526186013335324	0.8757309842966483	specific
30	89.37496376392302	-0.07502980377767199	0.7549764534327067	specific
31	2753.072537505132	2.546579712276411	1.5259373434622365e-63	specific
32	1.9181474559801504	0.12163249770922425	0.9422078284378912	specific
33	142.20620434615458	-1.8648168249122696	1.297304239778455e-26	specific
34	22.278114694870528	-0.3701950065231328	0.35482387910900604	specific
35	44.062753241215425	0.49776977625813396	0.1019006530898077	specific
36	1999.1347457471802	0.3683753210270562	0.0036390618231625337	specific
37	1164.7112299650153	-1.5038817036112175	4.774184191599779e-26	specific
38	1519.5250153696634	0.15534171236623567	0.20154324921072833	specific
39	210.6236978557834	4.084523536987243	8.372865536429083e-45	specific
40	956.17605215368485	-1.0351013100083353	1.791520821432103e-15	specific
41	187.7658314284049	-0.23985197128029362	0.18234929657168805	specific
42	861.7107008957928	0.20979927599121562	0.10663374407868524	specific
43	822.3476523052116	1.4703793739037156	2.612506069093479e-31	specific
44	360.0146045444096	-0.49997476957806536	0.0010165672007546585	specific
45	1389.8044464476823	0.09607115423754334	0.4514585739356356	specific
46	43.06306881416957	4.236747326464584	2.905190848711831e-11	specific
47	645.4285287584787	-1.8606200156828605	4.0079573693486115e-43	specific
48	10913.927959018827	-3.565815043094944	8.542707902206721e-212	specific
49	1282.5966678007603	-0.699996927474457	5.09695665044743e-8	specific
50	2257.235152380533	2.237573668755473	5.29611266694204e-66	specific
51	2049.1199169042375	-1.0883699705502052	1.4688232383958913e-22	specific
52	84.74665976174732	-0.771409996781798	2.9070275057802106e-4	specific
53	85.57162157392585	-0.9851113470932931	4.5670699087766195e-6	specific
54	1096.5500328103842	-1.6210416802763143	3.756043166245098e-32	specific
55	393.0515349845177	-0.7402106401638716	3.544377495604918e-8	specific
56	1751.758457673531	3.551117964980259	3.1082557202718353e-131	specific
57	330.24755221895265	0.4188218556192744	0.006655977002308941	specific
58	1.967981716417234	-0.47175473797354883	0.7225907007426556	specific
59	7180.59572833403	-2.1260253864964307	2.023675811811656e-74	specific
60	4435.799214129623	1.2957762584566694	7.75011031280595e-34	specific
61	46.20815951290366	-0.4120296404180125	0.19103591201464426	specific
62	203.09975784260797	-0.9301698511085007	3.783780542609508e-8	specific
63	725.5717062978682	-1.9398271728519736	4.745847733515069e-33	specific
64	666.9087700865557	0.6227918651749056	1.772071684345348e-5	specific
65	21.464786838551035	0.15891178141606763	0.711820597302621	specific
66	58.690106442795596	0.3382615821756411	0.2056343512196174	specific
67	21.543635845466856	-0.874901046214146	0.021382170446749574	specific
68	57.36507966789711	-0.1724012216865495	0.52797469373248	specific
69	19.73897962971351	0.7557136433685867	0.0975622148584513	specific
70	19.61433446587827	-1.3900091360951967	5.512364120738516e-4	specific
71	14.627786626368636	2.81267789304237	1.2851381360564956e-4	specific
72	289.88919348877727	-1.9804431504560924	6.683610896543851e-41	specific
73	418.9639124957886	-0.27116299322923776	0.04546304445539209	specific
74	12.87094099777406	-1.6224050378583101	7.316252016590029e-4	specific
75	31146.731910403407	-1.6255545134483107	7.395086260845635e-26	specific
76	21.305029532286586	0.8582031999641507	0.0487117907734717	specific
77	1610.7279756065284	-1.905099966848833	1.0648443969422042e-57	specific
78	15.320389005147598	-2.1456139606292677	3.528636412806301e-6	specific
79	85.56735832923606	2.6490949660541228	5.020963465046796e-18	specific
80	550.6608183658818	1.6575993761321175	1.3858709629458118e-30	specific
81	177.7947000300123	-1.158763324214016	5.252037538258626e-10	specific
82	15.233717913408016	5.126471436925028	3.786631229258291e-5	specific
83	34.88220422623842	-0.46554395816154404	0.17845105584866175	specific
84	14.807751009968078	-2.14714452894042	2.7243417414602786e-6	specific
85	737.4984526768121	0.9340476529729284	5.073969532216192e-13	specific
86	512.2411890280731	0.606990171513265	3.265829317190598e-5	specific
87	30.152762314292076	1.9359216735470572	6.139010980855703e-6	specific
88	435.97731972503396	1.2558076696090306	2.7513484658281958e-17	specific
89	959.8332125853583	-0.34683168854225727	0.0050616990289921665	specific
90	1241.84434666343	2.0393575673521043	3.269145515483736e-46	specific
91	22.572111961049025	0.9517601594517089	0.02554264486241115	specific
92	603.2454635901091	0.21574530592391153	0.1701028200190856	specific
93	44.127617904468906	-0.9225929595676023	7.081089033550191e-4	specific
94	8637.353292795642	-1.1432634118524547	1.5760364517480346e-19	specific
95	1631.2607362484837	-1.3082898946044965	3.367254957122902e-26	specific
96	4634.128700158701	4.360164033753711	2.128036173610922e-269	specific
97	37.55524904000738	1.95634795595736	3.5809841425405104e-7	specific
98	412779.99429952103	-3.3190530368129143	2.1846866931722487e-181	specific
99	1354.7377864409395	-0.4707589104999281	2.7177095121025803e-4	specific
100	79.2941476788514	2.0018973251531493	1.0045751049659543e-12	specific
101	69.06603311842247	-1.2567097395856468	1.3048481711383672e-7	specific
102	53.90586353532171	0.2968567608116191	0.29788286183630636	specific
103	11.000998639174826	1.6466191684414657	0.012570573100171756	specific
104	296.53564529799684	2.455980867225386	1.1712157339991008e-41	specific
105	7.052176151832278	0.9959910526573192	0.1819729304348343	specific
106	13.415155603817215	-1.4442631754624713	0.0036983156805360014	specific
107	1088.0325045905493	-0.5005087604994903	4.7509301577411883e-4	specific
108	33.32374535000174	4.870175287497658	3.0876257903573605e-8	specific
109	2.8779710297548005	-0.03017285291593697	0.976454738137245	specific
110	3695.987389558069	0.2666090713898045	0.11668387194336675	specific
111	129.75227063693396	1.4432141916483592	1.3977585447278608e-11	specific
112	575.5214894570612	-4.102448680281911	1.338026718842314e-159	specific
113	2709.184560107877	-0.183050582804567	0.14825244862081988	specific
114	105.06287011545562	-0.3285291304748136	0.10665683806581368	specific
115	25.43047931494374	2.049147958249352	2.0016137712789796e-5	specific
116	24.95934064897982	2.148989603284336	1.0164266312552783e-5	specific
117	215.09377175811107	0.13006389768791138	0.4593645808082176	specific
118	36.30208744740837	5.582679677416411	5.9180538407579e-8	specific
119	4520.793624401561	1.0545183253505657	2.6225513092530336e-21	specific
120	1005.1139357295149	-0.2520782604500192	0.046803943878881246	specific
121	25.54321078928161	-2.591920569577504	1.2106427071267518e-12	specific
122	54.39737034647452	0.8693224316499827	0.002833661054272258	specific
123	73.93836646564114	3.2116444036467158	5.491546909977421e-18	specific
124	26583.01491468298	-1.5999426721388927	6.478637971560876e-58	specific
125	1177.7864292705024	-0.22713036541218337	0.06987793668280702	specific
126	24.669907624815494	1.456673730201254	0.0010165672007546585	specific
127	22.379756976335702	0.4036018503279981	0.3425334884129313	specific
128	837.5251887045137	5.208117931438286	7.104194468040538e-123	specific
129	111.21622825337039	-0.270862031978873	0.1859257107833581	specific
130	5.158101166620199	0.05898008728341002	0.9496641649069146	specific
131	74.31002997823435	-4.374041397703848	1.5950921705583532e-52	specific
132	8676.545619763448	-1.616392697122721	5.038953497472765e-42	specific
133	2588.9873703839266	-1.3178443180236739	2.4159208934472974e-37	specific
134	578.9454732891613	2.5515232134545895	2.8422167228321707e-62	specific
135	93.11578049587881	-0.6049202767420839	0.004607939705522846	specific
136	8.210620389742024	0.2696735738100516	0.6992863412667788	specific
137	177.99271199820728	0.7428397004695718	3.481974617195605e-5	specific
138	2470.0736484939957	-1.166578298579213	3.0383151606586718e-24	specific
139	417.5940073156084	-0.39931764447483525	0.003912085708326241	specific
140	361.317469288207	-0.2755617195792547	0.06987793668280702	specific
141	13.742912180370892	-2.142014500667688	5.976821611769086e-6	specific
142	598.4774529077458	-0.7478005795210576	1.7562468802783717e-8	specific
143	591.686021469131	-0.23681475675203034	0.060147957622931604	specific
144	4219.990921165154	3.1257220751203407	1.4802805701164492e-119	specific
145	2548.523494911685	-3.218776344378678	3.419020661233269e-111	specific
146	301.1881681573452	3.525580957793231	1.7898733066433352e-59	specific
147	1039.4919795216454	2.50790581362121	1.457643968473999e-76	specific
148	604.93113901052	2.0661532705822676	2.1329981623003972e-46	specific
149	7009.2932820686165	-1.680619606224016	1.2424048919132728e-38	specific
150	201.0806283312894	0.3528630001883198	0.08960680820790577	specific
151	4.071999192079263	2.2874438499885392	0.05577118284510917	specific
152	211.82054423116273	-3.2222914654467107	7.0119545676143045e-75	specific
153	334.54805771687694	0.3141006667994089	0.03974086775443252	specific
154	79.18676389328124	-0.9316504020236259	2.9542550804794393e-5	specific
155	11685.202314237313	-0.37954455329796283	9.729223829169702e-4	specific
156	146.51928105198976	-0.7317632687953866	5.164042450439519e-5	specific
157	72.68452986942869	1.527173839017329	1.4694667366144388e-8	specific
158	90.953175414707	0.6881431538266239	0.0022914229943450685	specific
159	8.509648192205102	-0.047192322418426094	0.9496641649069146	specific
160	959.0351040682791	0.5497081828637982	3.059394439421504e-4	specific
161	57616.531461475155	-1.6306541504382979	4.616134332188359e-49	specific
162	111.15264616515586	-2.256841836469829	7.5519520155680534e-31	specific
163	1289.1710838415315	1.717373353760076	9.934459438632809e-48	specific
164	4585.51627737336	0.8899310476046738	6.659755304742766e-17	specific
165	127.78335624731254	2.0334579876531214	1.986481566078029e-18	specific
166	1395.7466293108637	-1.5064364843763605	2.524145625003457e-38	specific
167	22.03731863603873	-2.331185986799813	6.133180497684061e-9	specific
168	802.1980799243399	1.3009985890001885	1.3710281632499476e-21	specific
169	1660.2945166151376	3.5993970751285134	2.5175130976565735e-153	specific
170	1.807122623085294	-0.9555926118002449	0.47194534640874114	specific
171	141.29980215954959	-1.9733620765505664	1.6767276760344933e-24	specific
172	276.00120113260215	2.3357642269969183	1.5841122375922166e-32	specific
173	61.53041376468731	0.5513789883264468	0.036970180032186835	specific
174	121.9631367944007	-1.445830408747085	9.150822315163677e-14	specific
175	17.85559118687393	-0.32496111404116373	0.46409593046284253	specific
176	91.45354430446875	1.1023968776554711	1.1655928052276383e-5	specific
177	328.0303724542142	0.2714095424284585	0.1155171390481234	specific
178	2.8546377323652186	-0.7948652358086911	0.4759289343103212	specific
179	13.989188261838645	6.035332443640196	1.3320562348932062e-6	specific
180	358.26941953698616	0.022177376559668022	0.9141524101563322	specific
181	81.92093765142977	5.797689475927105	1.7851772035328448e-14	specific
182	7252.232076642587	4.068934500746489	2.8806905748718e-271	specific
183	135.47149258172792	-0.009619325268069575	0.9637842815487018	specific
184	618.520213810641	-0.6478078215516416	2.464659781896253e-7	specific
185	5006.051271006097	2.397269949714543	1.1467659392676796e-72	specific
186	26.010036182728385	-1.825432883280971	9.153959658715817e-8	specific
187	38.577474439118284	-0.5625490895336536	0.07147966057344793	specific
188	278.6207634016383	-0.9543777494042159	3.375664574751442e-9	specific
189	60.51128605244304	0.23021425499389353	0.40363124246429144	specific
190	39.456261736138664	-2.2263525146944647	9.050557832420557e-14	specific
191	9.141828911163326	5.4214924047421835	1.9826007481976674e-5	specific
192	957.8677876861018	-0.16346345522666236	0.24509654491033983	specific
193	21.27264445773479	0.2748099707482036	0.52797469373248	specific
194	4.60237328457389	-0.31873194260680854	0.7269768073722628	specific
195	57.658310276111656	1.9594651794211577	4.11679456882529e-10	specific
196	156.90234454047857	1.240556387985778	6.491578625820772e-11	specific
197	232.92188652021642	1.7642156955353814	1.864283317814952e-21	specific
198	1733.8816808856225	4.464605790863229	8.871407164752743e-159	specific
199	152.73656435338125	1.2654240835732375	6.176549588323673e-11	specific
200	897.3447893779492	-0.9209369657879786	8.295590846760434e-11	specific
201	3.359485326690724	2.8604840099269064	0.03973221732130709	specific
202	24.68948957605021	-0.16248742055205487	0.69042773397042	specific
203	11627.793504988662	1.607030607521455	1.1907242575505014e-52	specific
204	8331.168666043668	-4.49621176266786	1.1161236304406263e-283	specific
205	1149.767018217075	-0.9409385982432013	1.284069511258092e-16	specific
206	794.061824994013	-0.09765034463965679	0.4775603399840651	specific
207	207.92075167864408	-2.7489169259552924	8.942823875167658e-67	specific
208	294.85622229465076	1.5860147898824906	5.735785146257387e-20	specific
209	11161.655254816455	-1.41442162248051	1.9491287651221363e-42	specific
210	106.54985976502589	-1.6350906508071035	1.1578395325267572e-15	specific
211	1784.0024297615787	-2.3269506603940004	7.393423877146017e-72	specific
212	601.6027086465214	-0.5413258668035235	1.7606028558076313e-4	specific
213	162.80885193523957	1.6948390057745	1.284069511258092e-16	specific
214	32.65126544277704	-2.335439279606897	1.5676622749648528e-13	specific
215	549.710377452292	4.121360973495667	5.145894976843136e-74	specific
216	28.399612273956286	0.8538254537143718	0.026427627302689695	specific
217	100.29986021734757	-0.01443681841699908	0.9588785158885921	specific
218	494.41728732429164	2.510158595881792	8.320280345065467e-54	specific
219	1999.9114910685084	-0.0037176275457941194	0.9763078146943726	specific
220	26.826307060946284	4.147585959768909	1.1949161808000918e-7	specific
221	647.3266439762316	-0.6010669658662467	2.3754829660692032e-5	specific
222	4986.925826094247	5.168618400331903	4.8364335842714e-288	specific
223	1902.7976042682465	-1.4155686753523857	4.927286948297056e-23	specific
224	850.6840347717838	5.030157648155994	1.2934416340308832e-92	specific
225	305.9413106812074	0.4466998038429045	0.002250624284930086	specific
226	627.2807215841257	-2.250269273426842	3.6571761782015406e-70	specific
227	4.572319116149542	0.6860353537896329	0.4663192003880593	specific
228	414.353263296464	1.3820762986299753	4.5134437809128566e-18	specific
229	579.6184864936972	0.7148998350375173	6.146910117055537e-6	specific
230	39.95527744395302	-0.26483058319506453	0.39161376915192553	specific
231	240.34850958772387	0.2283802676376904	0.1516561118788008	specific
232	50.366322013325885	4.040835108042602	3.0057687237411694e-13	specific
233	504.0331946243078	-0.5484795966182524	2.3342779134622404e-4	specific
234	960.0606003833885	-0.6245485502262172	1.5789264864729058e-5	specific
235	820.9643992531528	0.3212077849737373	0.024914887012269425	specific
236	1070.650609470421	-0.8400381535382598	3.5630594794620344e-12	specific
237	134.64201531885058	2.272378698871237	3.6654945585237407e-22	specific
238	32385.374462581927	2.0715754089258214	3.5858259966138235e-67	specific
239	240.63654774590506	-1.9661428271268975	6.029030754759647e-29	specific
240	23.675124506109103	5.804799908185408	2.3193178567818003e-6	specific
241	13.35547069685252	3.026076125899651	1.891033636755554e-4	specific
242	221.29029421376111	-0.11046452387692691	0.5297795666474736	specific
243	294.1576574245623	-1.405611056202153	5.386837474494268e-24	specific
244	1607.9202758169686	-3.1018050609762287	7.867940265868642e-177	specific
245	38.1482053687061	-0.6171850411155201	0.04089454447543965	specific
246	32328.35131104722	-3.54419766929571	1.8585808131468541e-193	specific
247	2039.5735909966752	1.045340500391166	6.989244146002135e-13	specific
248	295.0585259732656	-0.8261297440655899	5.468703396632191e-8	specific
249	956.0306958395788	-1.2737595342858765	7.325908047199346e-23	specific
250	60.321121260216394	-2.351618492553307	4.480110270328922e-19	specific
251	743.5349395014362	1.3990826927298077	2.6666686471702535e-26	specific
252	2904.491296329207	-1.072736573260312	2.242964254077445e-25	specific
253	1864.4277551735843	2.2005708596706723	1.0004392884225635e-77	specific
254	4547.774163658754	1.3916941540095393	1.0460218010051534e-34	specific
255	2.8035697961393073	1.6081037880542446	0.20713303735922936	specific
256	9.805409309114411	0.4832497256482792	0.43721854967163937	specific
257	33.93290610207035	3.236585450033067	1.7328308339202036e-9	specific
258	1484.133236547229	-0.9268811374617781	7.507967130930727e-15	specific
259	169.1971798992564	1.575155205770796	5.966022627093028e-16	specific
260	690.2040554854015	1.8768005493017923	2.2636568444444417e-38	specific
261	207.67701903265035	2.701058169494247	5.064805529240832e-37	specific
262	81.28700567519381	0.7214409169221203	0.003939007381750278	specific
263	68.63064044504327	1.2327623201830562	4.456823077486969e-6	specific
264	189.2904799034366	1.7310789544547176	5.797169909647079e-20	specific
265	98.95666112507871	1.7366951573444396	3.256906324481168e-12	specific
266	186.93194797067207	-1.1289209691904907	2.6061324385424816e-11	specific
267	138.6617670708225	3.9635378982428944	3.1933881120263455e-32	specific
268	11.253367720532049	2.3435921799126684	0.0019282892339065481	specific
269	3404.452256639876	0.08501057713738298	0.5139692282325251	specific
270	124.12756957995818	1.8507597854489641	1.567121807275041e-16	specific
271	1286.6387823502353	-0.32604716644130527	0.006501742373820723	specific
272	67.57180567039326	2.819433125973099	1.1578395325267572e-15	specific
273	542.6869169624962	2.4739784437950982	2.207673049696627e-58	specific
274	19.981635804667437	-2.2889650289591104	1.0477595372850607e-8	specific
275	1240.95581543143	0.1722990423481984	0.29788286183630636	specific
276	6.573509344955345	0.30149829163699743	0.711820597302621	specific
277	191.1435274093294	1.855029589426264	3.3424082152843252e-22	specific
278	3.204522772913134	0.1992665761683259	0.8634789177875235	specific
279	319.0731282331054	-0.1055497639893872	0.48572260468474354	specific
280	5.986437665972252	-0.6816952352126543	0.34679206676913577	specific
281	213.945988332662	3.988350972198053	7.059964530556806e-46	specific
282	553.6033042723437	-1.5106460257544716	4.0990294297423036e-26	specific
283	163.714625212455	0.4835717906645794	0.007832853132661573	specific
284	2060.6580284607912	0.46643399280067027	1.114322515087063e-4	specific
285	1282.0305507329872	0.7681482285999801	3.985687113537013e-11	specific
286	125.03233425856368	-1.8631867166689402	1.9360361669290116e-22	specific
287	872.5711319784452	0.1922111821906005	0.13938816950246283	specific
288	44.33076273035286	-1.8510199777940208	8.444250451356004e-12	specific
289	14820.069689566986	2.077659258972159	2.347988950392699e-74	specific
290	26.04928398333896	-0.7000137367705248	0.05136929179912498	specific
291	122.75724309205724	0.45474462148686495	0.029595936605860358	specific
292	31.281141130910793	-1.0305192518008928	0.001304567298144944	specific
293	251.0709076695294	-0.9991909623927181	5.493540697695405e-12	specific
294	1226.1399220519693	-1.6988643127434757	3.0443112790374705e-49	specific
295	25.759112892999045	1.1424008784213302	0.006480060174962017	specific
296	999.393936979408	1.8743623853310494	5.203949061313736e-49	specific
297	49303.031989508614	-1.8736938020973175	2.4568620594609945e-55	specific
298	87.18290944330121	-0.4019473384399969	0.0872483859130173	specific
299	343.4782273162728	0.8159052205945008	4.20088388927244e-8	specific
300	5.196014196783594	0.8389529499453775	0.3436821603931528	specific
1	96.72503173747255	-0.29021466287608294	0.18190999079750747	random
2	68.05510170060768	-2.2840934949399525	8.087211600636456e-17	random
3	124.19767544494577	-0.7550467122811327	2.2027879732254942e-4	random
4	21.556349837375446	-1.1625282717217396	0.003887238722295039	random
5	13.965453608770895	0.5556288725558334	0.2583261671490819	random
6	2577.80854772187	0.7853292632489454	6.018599754175783e-14	random
7	45.85980504328001	-1.8658584928163935	6.446890038269197e-10	random
8	50.116058698870724	-0.8367936179334639	0.002558654752552709	random
9	12739.58768758277	1.5089836267545778	6.178909256498794e-31	random
10	4329.140526385721	1.4789593793672304	1.2908483227295213e-27	random
11	3071.6956688642276	0.0711105212199224	0.6598281613745985	random
12	16.10665657688362	-0.3233622734609611	0.5208558426619583	random
13	197.61756065430654	1.069391100353458	2.395798910329419e-9	random
14	10.831203359789871	-1.308066218509907	0.026046848972968183	random
15	5039.3007874767045	-1.0264132658409855	4.294205357215656e-13	random
16	15.439402941083099	-0.906444538458834	0.05680041851968953	random
17	662.5829042577788	-0.1620202635267767	0.28126692785517765	random
18	41.827452226125445	0.8603365589517559	0.0036722379046316878	random
19	441.3412212745679	0.20235921751380453	0.2689604277571583	random
20	91.73303445341644	-0.18449188693801022	0.45502972967248123	random
21	1060.9318501130251	-3.0600026476583966	1.1235273347456908e-98	random
22	196.98491074510665	0.5471451838345782	0.0024981448363111556	random
23	15.566155633552535	2.128651020204691	1.9134762904800036e-5	random
24	71.29862546521757	-0.3942143281813565	0.10542173337251472	random
25	43.01290428333441	-0.45752717543329197	0.13755814531269003	random
26	52.853777011803075	2.2140316977366616	1.035611214534311e-14	random
27	592.5270028016408	-0.588784400459001	2.1895456707906268e-5	random
28	11.335073015285648	-1.319710506424046	0.01836868754657586	random
29	3.7174527573137146	-1.4216909716961441	0.16267600521855838	random
30	81.8035321568833	-1.1151449589736775	9.669683147077615e-7	random
31	3781.2743004635436	4.376388905818485	0	random
32	2.5392556617322626	1.0286321303465622	0.39148502786592804	random
33	91.44420518732514	-2.830205001240714	2.9723980978344493e-27	random
34	19.335899828801885	-1.6357215427835965	2.3149254853051826e-4	random
35	49.89981460646326	-3.4307377386592472	3.9921958722180176e-20	random
36	2457.0893389582243	-1.891657374367177	6.65373178031752e-63	random
37	880.6342619322991	-3.071917474983008	2.154501700645408e-109	random
38	1753.7758908126098	-2.5233970265728303	1.9500833470186128e-97	random
39	338.02902860906994	-1.3669036601966065	1.111077677279841e-18	random
40	768.2453656389254	-0.6757451802035549	3.711848195091542e-7	random
41	183.09470012674112	1.8659799667916739	3.9550256110079848e-28	random
42	1010.3434086557613	-0.5408381304337346	6.36774520043446e-6	random
43	1284.6832212919417	-1.2917453326871415	1.6508791996811516e-27	random
44	295.32630767626654	1.2667355690740127	5.247473467056776e-17	random
45	1594.7305696617896	0.09129812151149617	0.5118328461408665	random
46	70.07516792741852	1.2592945352026617	1.0996888927953237e-7	random
47	395.56831182203996	1.4066239413928106	2.1658258914063948e-21	random
48	5109.387709242111	2.3943592734776793	1.9762905735960448e-118	random
49	1147.7266870164026	1.0994952123046855	7.619303797306235e-19	random
50	3142.488415619428	0.241382109342801	0.09534033080405176	random
51	1679.0900176721536	-1.6532198101873765	2.855436206577365e-26	random
52	80.96510416581145	2.3021193591905065	4.1346101119476045e-21	random
53	70.36667762695694	-1.0302850777316381	2.204392941063816e-5	random
54	860.4583778449239	1.348562661804418	1.4093662738808872e-31	random
55	325.4554862333429	0.29148621920311935	0.050520918875597516	random
56	2487.451019471584	1.5975627316954726	2.3942846682490663e-44	random
57	388.14565779704174	-0.19069434115187525	0.2509409590844471	random
58	1.6605479779743473	0.24210018196377112	0.8796693091650578	random
59	4269.738901535468	0.8683548362646931	7.600334580308134e-14	random
60	6265.587076116228	-1.1236950134310837	6.123366731899531e-21	random
61	39.30822374176171	1.9956836334936856	9.71971947712763e-10	random
62	194.35833202376253	0.4941731992589206	0.017288246538093917	random
63	503.4881035986614	-0.012614267936557228	0.9447257909510806	random
64	803.0211758866307	1.499888768996365	1.3801951498038232e-32	random
65	27.38546476844213	-2.0028674242786306	2.4723550368120394e-7	random
66	80.72342043596679	1.9396995663670886	1.5492408273673317e-14	random
67	18.402155901727774	-0.46765988919664087	0.2845882766157929	random
68	68.19854866541426	2.175471486532283	6.606033836580945e-17	random
69	28.344690650284328	2.3305826184758307	6.264340596864519e-8	random
70	18.053082033973478	0.9423819983666701	0.034501428274625046	random
71	23.742518892270002	-2.5389415719254815	1.1058292361307735e-8	random
72	170.30746371232618	-0.8047879545750888	5.8994892094807196e-5	random
73	415.9429120426445	-0.5483734853756521	1.1505847274709484e-4	random
74	9.500276064549361	-4.323367743624233	9.656444022617533e-6	random
75	22738.35354254144	-2.062337477505244	1.6727238832543602e-65	random
76	24.754073531630144	-1.6022505766206336	5.5048043148170636e-5	random
77	1135.0720537778159	-0.6280423669040861	1.311372955631023e-5	random
78	9.773184641097854	-0.05268643859364821	0.9384997866629773	random
79	141.48481777594986	0.7449697663727998	2.9889065266001857e-5	random
80	729.0968917650999	3.5405302808381376	4.825359204090209e-144	random
81	148.4860641556203	-0.05325815427458999	0.7970754070802091	random
82	34.50793551905356	-2.9770616470246614	7.621929113575765e-14	random
83	35.493978509947645	-1.047564888142706	0.0014309898560374088	random
84	10.325393221431211	-0.03019593902146549	0.9647457091777779	random
85	990.0968736868208	1.467027275258898	6.42498630283791e-27	random
86	647.8380193041013	1.2036069281694708	1.3155977385950036e-12	random
87	44.417211581312756	0.3527087145395431	0.2578090564869598	random
88	607.5803294171795	2.1884125543843633	3.108931911704967e-48	random
89	1111.149704743884	1.8398726325409935	4.900894211197791e-39	random
90	1795.6956913222307	1.4255882457924174	8.3473212715908055e-32	random
91	32.937826280246256	-1.934935745710123	4.963076505658241e-8	random
92	700.1892252379715	0.6988119273635038	4.02710685930871e-7	random
93	33.61485942613267	0.4377628941154377	0.18370316043889356	random
94	7672.939050017468	2.3615431687668065	9.35340157758409e-89	random
95	1360.6826267048025	1.5300596599831608	4.9019273787070696e-32	random
96	8128.601707425892	-1.1890539220482743	9.653294831581983e-21	random
97	50.16907056083019	-0.10237348663630227	0.7262798877068887	random
98	233992.7894086366	-4.262836745065686	9.023076074556086e-243	random
99	1301.2224276164761	0.6956265804679482	3.6079601540079126e-9	random
100	133.14934540378576	0.1751671529665577	0.40829696841182983	random
101	59.6667173074103	1.220811234969381	2.3159051751845985e-6	random
102	73.55030667678528	0.9873384852107997	1.7168234364196184e-5	random
103	15.996341557322403	-1.1330857287042047	0.019798936781984095	random
104	455.84577745175557	-0.6689784270841279	1.0091436218527031e-5	random
105	7.227779462360613	0.9263294447327772	0.17695566669253607	random
106	14.9298820754899	0.9440927222272429	0.049613867999403115	random
107	971.5147644408903	-1.842358231350615	1.1299561232381801e-35	random
108	58.900862750630694	-3.3047060139379556	2.5535194143338708e-20	random
109	2.562378970677969	-2.948018314721727	0.03030076290055607	random
110	4354.8305664828	0.45045965053016085	1.6983032897674742e-4	random
111	161.93217359082604	0.24781370522709745	0.1899928511391701	random
112	262.8672216179837	1.156135857145292	3.351387218986105e-15	random
113	2766.59993482725	-0.01119440636771183	0.9384997866629773	random
114	109.58743892227821	-0.9670561274374785	1.8867073539191938e-6	random
115	32.41063212559765	0.08655415000515843	0.8294989179002061	random
116	43.59380250577262	-0.7551392216480151	0.00978001112575573	random
117	239.8305889622448	-0.6419974354562448	3.47026310929549e-5	random
118	61.43192538502605	0.20309728373724842	0.5117730792750463	random
119	5594.602539791909	2.235299173236808	1.4678084705992905e-89	random
120	1021.3910945128539	1.4427786959646156	1.370028336890935e-30	random
121	12.477825658538093	-1.155985858248386	0.04612222480627753	random
122	69.4361099659668	0.17418520054499922	0.49544781313410013	random
123	130.9541569057779	-1.169182292298686	7.678133629474773e-10	random
124	20526.87325944442	-2.4066209672485184	4.271646247161771e-76	random
125	1299.1944267747974	2.5652609822456425	1.0298526682025527e-57	random
126	36.39035572644516	-0.06937422630138905	0.8481659540946339	random
127	30.3821926430527	0.3038608768286108	0.38878988053150026	random
128	1553.9289264146767	-1.5116431991333206	1.9126425655491412e-26	random
129	111.92221579653766	-0.9256255098250079	5.7620668462578836e-5	random
130	4.4030485812561935	0.6411911235302935	0.4785199579827684	random
131	36.281916817120035	-2.6328767475947035	7.193018454710925e-12	random
132	6363.216741543913	3.4516376791707484	8.676790281880718e-221	random
133	1963.0146747672168	0.5819821989226885	2.127103315024065e-6	random
134	942.8873848663533	0.4469856086016862	0.001672244590815224	random
135	85.90690977764687	0.18385006215819855	0.4214395840588386	random
136	8.925235372565632	-0.6406135758447374	0.3676811691238367	random
137	211.47667358285963	-1.74608513021927	5.1933331175109855e-23	random
138	1993.129438256582	1.4042169338015598	1.9899960383104096e-25	random
139	383.8552360541216	0.465055637421999	0.0025924571692286786	random
140	374.06575365347624	0.0823603022606058	0.6265077419199182	random
141	9.715054401074742	0.3398165717075983	0.5756282963150835	random
142	590.3355635688354	-2.1173591323268233	9.954079852590033e-49	random
143	660.8529061054692	-1.9045134886070691	2.5127882399116965e-29	random
144	7209.311403469817	-0.25456881320649466	0.024506475614713565	random
145	1251.2502088979104	-2.416360964193132	2.546179305190168e-78	random
146	489.8828976145041	-0.8971394735835372	5.805965189154338e-10	random
147	1490.2212709713544	2.19702276741254	1.4461273108345946e-59	random
148	953.8739687982666	-1.483839447085947	9.278249125755583e-28	random
149	4906.305323965113	-0.5604236680495491	1.3774366868315904e-4	random
150	230.733651243029	-0.31560775202027247	0.05875749587439533	random
151	4.56761627367143	-1.7691303234110438	0.05689999915692035	random
152	105.20692788382689	0.3676311164605502	0.08540971481083058	random
153	387.3761026364019	0.4564241920660236	0.005939855512359225	random
154	69.94659830059067	0.507117242026422	0.05689999915692035	random
155	10113.958563258897	-1.9240219948804993	1.3209117158825802e-57	random
156	132.55647503518915	3.947641873519993	4.399919900157465e-57	random
157	99.35059758807608	-1.3126276603733011	5.404810142971491e-10	random
158	101.59023456748787	-0.31636565449789467	0.14154609289938583	random
159	10.484780371561696	0.40487450749421955	0.4938392470651596	random
160	1085.181699741447	0.8536890125117601	3.5084589430522714e-14	random
161	41123.41048513521	-1.3272986971806502	1.5895370522601054e-33	random
162	80.52907452250567	-2.5021170990191193	2.2330209834243665e-21	random
163	1896.8670136636647	1.7122117084430406	2.7820901027645843e-44	random
164	6430.83182381627	-1.8041781958462761	7.325058421370415e-61	random
165	194.86052044617335	1.75886635162832	4.846058057736672e-24	random
166	1047.8487581477507	-1.8536671364986765	1.4949281941794618e-55	random
167	10.441293088975794	-0.018330773536002896	0.9756240084935621	random
168	1113.5412984808354	-1.8569815576792728	1.738215385765545e-43	random
169	2818.078768163933	0.9564605215462799	1.545217615208254e-13	random
170	2.2822576056707744	1.1523481154837856	0.3669355360808722	random
171	93.73605216350543	-0.47624086896770484	0.03644274267456043	random
172	367.93462155209613	1.0785188287904393	4.708260447736398e-13	random
173	76.57201161283238	0.5422369568913573	0.020800968536769764	random
174	103.8386648610541	0.9337225129994114	7.775559755657693e-6	random
175	13.555448006457059	-1.680087283600238	0.0016895694716886165	random
176	136.31148340704615	-1.7912358216946092	3.667749552897227e-17	random
177	322.07784025063006	0.8790043901326112	2.8249221887938104e-9	random
178	2.625564489654917	-1.089939569757524	0.38946471734673693	random
179	21.73803334322309	-0.7242678130469824	0.08038947913906518	random
180	378.92433227465756	1.264486561613924	5.778743052257272e-19	random
181	169.4542621375805	-2.1710185680505094	2.930148882656615e-28	random
182	12190.738981825583	-2.3348102066815604	6.188253972943184e-67	random
183	153.32323861316905	-1.1182682279110057	1.0783925033768798e-8	random
184	619.7622575295496	1.8188655881366966	3.458429495277031e-32	random
185	6673.018404767615	-0.778521815686603	1.2365148450518895e-9	random
186	20.222001491500972	-0.1763730456081633	0.6989668711314575	random
187	42.83821770981739	-0.09734674284759055	0.7689142718375174	random
188	227.64623918126452	1.738953844450802	1.4011125831848208e-23	random
189	53.467376286671225	1.9931716000239754	1.0304755557344495e-12	random
190	21.929230155631362	-3.8626929633231657	8.619326628565147e-11	random
191	19.528172151443407	0.3129982364066246	0.4938392470651596	random
192	946.3052365510194	0.5290467347948954	0.0010745161980685435	random
193	17.421716169618744	-1.0786314734872051	0.022043392515967344	random
194	2.6576863025529307	-0.17911695573111788	0.8893693035225578	random
195	91.83931210716179	-0.6539608099140414	0.002623658414198823	random
196	205.85363806648664	-0.758471482630739	7.350186358349674e-6	random
197	329.2787426552524	2.5373089637034716	8.840291814125794e-64	random
198	2905.974344710599	-0.16460329727083417	0.23566521958466663	random
199	212.7760999488128	2.374157082417061	3.117120725560072e-42	random
200	734.3769414243508	-1.359064997035417	3.116160115536208e-19	random
201	2.528292431315526	-1.312441456790434	0.27615018296442456	random
202	23.53184605521951	-1.8439158149512767	2.3533598540755048e-5	random
203	17015.68879893391	1.3070782075432787	4.0617455869798644e-22	random
204	3426.1863428991887	1.0380041896954117	2.8222606655948367e-15	random
205	1044.8300474585433	1.4516211630443971	1.8818722875142143e-27	random
206	855.4794618337202	-0.864931547002383	8.791453079960683e-11	random
207	126.14340969235099	1.387462015406567	2.445028051622938e-13	random
208	411.68851300437046	-0.7199543860098402	4.445219476128586e-5	random
209	9384.654443048717	1.469615706046154	2.5875918721210145e-31	random
210	76.90424945927442	-1.2433969199689334	1.487235689868324e-7	random
211	1030.416531297448	-0.9135095993122934	1.0052397135575212e-11	random
212	542.9080124268432	-0.3518320912625648	0.011614148669615854	random
213	225.64878893486883	-0.4726689446018886	0.00535721541407461	random
214	20.980998731490306	0.7366234388719067	0.0775754430373865	random
215	841.0758422627009	-1.6920024947355516	1.9829125181677968e-34	random
216	42.04268964056816	-2.2770907108888387	9.808960336490978e-12	random
217	107.91466623876943	-1.1304943900099216	3.2041503398152276e-7	random
218	786.2145445489609	0.05945992632729552	0.6837707679690205	random
219	1989.226836067855	0.17397337664099988	0.16280955834505972	random
220	50.74465647037936	-2.374513790236931	8.844602524544655e-14	random
221	592.012497837645	-0.6402358656071724	1.4799165486169224e-6	random
222	9990.706132727737	-4.8645456689443325	0	random
223	1388.6518392192415	-0.8874703261350072	3.4703485226389562e-15	random
224	1548.3205888528082	1.105603651556852	2.002165858646407e-22	random
225	353.3939862887854	-1.4201852371047448	2.944326001013538e-18	random
226	399.9442157764404	3.1861259436363487	8.323735930864239e-95	random
227	6.98490125393402	-3.5188043332658747	2.144146811893565e-4	random
228	577.8824823481862	-0.36558171580141774	0.0045377513430850305	random
229	735.1423033990566	-1.1395797406351624	1.0766199484311744e-14	random
230	34.949196072790784	2.751998010103582	3.3528938323774995e-14	random
231	247.31267899690954	1.0671847463236381	8.954324730815665e-12	random
232	72.20869477743237	0.011670658066157436	0.9647457091777779	random
233	516.6554109549621	0.9465847003771505	8.680750562843445e-13	random
234	877.4281512489683	0.723471434175362	4.859003728068142e-6	random
235	1028.1969378431247	1.3114840708905566	2.9471883232140264e-20	random
236	932.5001223289339	-0.6770990541607996	1.4076826547512844e-6	random
237	212.76075206610517	1.6637847724170596	3.518920846256183e-22	random
238	50981.253580508914	-2.0443316844551656	6.252859635634405e-79	random
239	189.88668411294583	2.200342019186632	9.974278597456502e-28	random
240	39.09932472029793	2.015913454321248	9.095641884944409e-10	random
241	25.785034999179075	2.6952048533455235	2.893964983371472e-10	random
242	222.84542887020632	0.08852884120953783	0.6345135519325146	random
243	250.55794960903788	2.623941922198644	3.148129079206749e-52	random
244	897.1403806700606	-2.958922233166108	8.98282465974821e-111	random
245	33.988201635823216	-1.219040391187678	2.3149254853051826e-4	random
246	15249.842650079374	-1.4002150896426344	7.523658181091084e-27	random
247	2703.0406103192236	-2.304038992142711	2.0018118451868596e-107	random
248	243.01223183495216	-0.7188627883562356	4.029418031813384e-6	random
249	690.5230829771052	1.0105407363742018	4.3307782100636736e-14	random
250	34.65915485643231	0.24842266563179316	0.4950671054270921	random
251	965.7471434225108	1.0835087862798245	1.3757955472839255e-15	random
252	2469.761753504386	3.77623927519671	3.700715380436134e-193	random
253	3073.70681431899	-2.067003653345556	7.363496467939287e-66	random
254	6353.409543238314	-2.246148162307844	1.0520848876316733e-84	random
255	5.992828417133656	1.8138678528890533	0.019798936781984095	random
256	12.154519559112062	0.4776241505602815	0.37478792351946094	random
257	50.35385305335879	1.7615581780865819	4.778417972221685e-10	random
258	1349.900721896224	3.1555988583627532	2.4490506951600007e-118	random
259	266.7745418072926	2.2470875951542335	7.778686105524684e-40	random
260	1102.2084973221845	1.325140484238849	1.0460300579632784e-28	random
261	352.7967208343958	1.1581725575935142	5.2294644825348905e-15	random
262	100.82017501970122	0.18769979223300942	0.38946471734673693	random
263	93.59364026708128	0.6343997637940779	0.005076808621065727	random
264	256.9701792380621	-0.9834281480742766	7.100495747380974e-11	random
265	165.74106285926916	-3.331125044757257	1.9143804454074622e-49	random
266	138.6972822447637	0.6666390295293187	7.251988925106208e-4	random
267	213.43622338727272	0.6273727136268495	1.1629293814287219e-4	random
268	16.17731522023387	1.324175005923278	0.004790013539696222	random
269	3789.9345905207138	-1.617524681447405	2.197620066179349e-39	random
270	201.22283534140632	0.03570995687936314	0.855486258617596	random
271	1275.3919742634218	-0.303921791834014	0.007712300130360494	random
272	96.32866839021759	1.3331924406762146	1.429825355193035e-10	random
273	819.0901648282689	1.454824213532486	1.6403946848291305e-34	random
274	12.920679295219912	-0.31804911778744216	0.5686137916354649	random
275	1284.3887483202575	-1.038312604361472	4.360193239985797e-19	random
276	8.967037968801812	-1.0485772633718966	0.10580043912960727	random
277	333.4237046670565	-2.374984353802679	1.946805489500437e-44	random
278	3.750250203792435	3.730955747856578	0.004489788244809421	random
279	330.72156299691494	1.306046639308952	2.5535194143338708e-20	random
280	7.178839660078632	-1.0826369040104693	0.1291190396842962	random
281	343.25041989901865	0.8751909449079446	5.384436949225234e-9	random
282	322.84692656291503	2.4468782050691513	4.6047134029529755e-56	random
283	199.41288224351496	-3.547837961358594	5.402654928975756e-61	random
284	2471.1781095857737	2.8749885375078477	7.119209699471399e-132	random
285	1499.1185455973275	-0.20676125685446606	0.22676184271096392	random
286	82.26349316723983	-1.0741330528253608	3.261864688309153e-6	random
287	998.3292219554627	1.0586046376109204	1.111077677279841e-18	random
288	27.691532664594057	3.1228090663731325	3.844266995086471e-13	random
289	24256.137115155638	-2.551844795692548	1.0466757285472652e-126	random
290	21.405171244416138	-0.5007386162842598	0.2416920529873744	random
291	149.197730860041	2.4185700118262297	2.487315366590118e-37	random
292	24.63638978364029	-0.006065051704375271	0.986345967087282	random
293	206.10296481688547	0.30012887898737195	0.09558674289179814	random
294	897.8249836233869	-0.1114764424530705	0.41206902185098876	random
295	31.86184739286334	1.2690573241642473	2.144146811893565e-4	random
296	1469.8127772253952	-1.1461415873488294	9.084880949728232e-17	random
297	32463.41362334474	0.7978478347285949	1.729703220155829e-10	random
298	79.88678010729664	3.240782766588401	1.120339917501811e-29	random
299	463.9455464541533	0.8721045985253323	1.0923391167437734e-10	random
300	5.2040825373577775	-0.11293208638206735	0.903494929352914	random
1	114.2997840366099	-1.7152131040687562	1.8127795121780014e-16	marginal
2	63.28346421792105	-0.2322462797908237	0.33882310673359894	marginal
3	106.81192015256335	0.357376240759139	0.08656649095909609	marginal
4	25.309846664607775	-0.5534507563477303	0.11984974827952989	marginal
5	13.42937875506697	0.16380371074218564	0.7329660710885226	marginal
6	2315.8051883709704	1.1180077694574233	1.2712183431961375e-15	marginal
7	52.06469219370351	-1.99809015376673	9.55100837289814e-15	marginal
8	45.88254846328708	1.1449724613731171	1.409629187485841e-4	marginal
9	11038.517778689533	0.8079001935809933	9.271968991737371e-8	marginal
10	4423.341444871837	0.5472639702424908	2.9815830340278386e-7	marginal
11	3696.8435039220976	-1.5717938431102618	2.6280798059870016e-33	marginal
12	20.14393199373402	-1.3811799754270913	4.5569862939741183e-4	marginal
13	163.27907120578294	0.9437801160548853	2.2409639615739633e-7	marginal
14	13.246325914778838	-0.6427295368919472	0.1779691577350865	marginal
15	4934.891530904052	-0.30533729689731604	0.02731645304606277	marginal
16	16.47628060789113	-0.2939765925294838	0.5232012658267556	marginal
17	614.2973231654307	0.9241030223746088	2.838934916714312e-10	marginal
18	56.44138613702804	-1.969800271637506	8.685237082544188e-15	marginal
19	345.89812725193843	1.4249647281642313	5.569904030379047e-20	marginal
20	110.2074056720529	-1.9076572062647377	4.964515429227517e-24	marginal
21	934.4792758131573	-0.6024496368113565	4.814358932282422e-7	marginal
22	239.49169932021505	-1.3112384577909768	8.100561834661658e-14	marginal
23	12.235751274715769	0.8446057878709489	0.10713127248733167	marginal
24	81.3672736311343	-0.8834558189290996	7.514923044555867e-5	marginal
25	48.678885994794	-1.8103851278321683	1.7756403007069098e-11	marginal
26	45.42407350291491	1.4650197024579654	1.7238766056565023e-6	marginal
27	561.17689533189	1.508571664100625	7.685351001795966e-25	marginal
28	9.43623089579426	-0.6851273620418591	0.21582482293356017	marginal
29	2.252538045241385	0.32963643875311577	0.7721539794386615	marginal
30	71.0761507604486	0.15320978667590843	0.5381704906186249	marginal
31	4851.343345637579	-0.9534217032353703	1.9449413842771803e-15	marginal
32	3.366035092523038	-1.9720253593028003	0.045015038054593386	marginal
33	113.2076853423991	-1.342745695839812	5.4102115830054457e-11	marginal
34	24.040413809653778	-0.634735350111327	0.09574322675081924	marginal
35	62.74684870138008	-0.4584044745280306	0.05709998985479026	marginal
36	2564.053621246859	-0.533710529541361	9.487687539462572e-5	marginal
37	774.6104101694533	1.2467687598203452	5.486864911917146e-24	marginal
38	1760.0419007000928	-0.2811680183107735	0.01950113222147903	marginal
39	260.8855800680564	1.8188326248376876	1.3496313687305427e-27	marginal
40	672.4486423298451	1.5782011980126183	4.847818113250902e-25	marginal
41	177.5321476705627	0.37999121206420566	0.025135190407010847	marginal
42	960.9603647578116	1.2475183730718846	1.0180253440005839e-22	marginal
43	1092.8483399263253	0.6613463900048806	3.879815449754017e-5	marginal
44	336.4876292717016	-0.3664572184855161	0.013375091188593959	marginal
45	2077.873785313909	-1.8249439820699092	8.895604798630649e-63	marginal
46	60.47056932160289	0.5872205956978704	0.025407936750894224	marginal
47	447.61974336428506	-0.7221153464666096	1.1745952257623935e-7	marginal
48	4225.585029121912	1.8488849656271682	5.93026182691326e-40	marginal
49	1066.0654442406928	0.9173270612242365	2.1206959141235845e-11	marginal
50	2861.5975592231557	1.03713388521765	7.821059980019935e-11	marginal
51	1792.5948941386098	-0.6182001492472478	1.3459528338665988e-6	marginal
52	70.49142425356865	0.5034381692567402	0.054498605801306096	marginal
53	86.10886418984528	-1.342004887325882	3.591659472889103e-11	marginal
54	751.0158085489384	1.308378336376772	4.670918309687458e-27	marginal
55	303.19023533679473	0.7821377678427774	2.7901418810279e-5	marginal
56	3078.0442198637197	-0.9804833837305569	5.743021709071287e-20	marginal
57	299.9772590491524	2.060823523151373	1.8077187332635504e-35	marginal
58	1.5228278580155739	-0.6997107780154835	0.6172702093490453	marginal
59	3962.35809197799	1.0085349677971238	1.0037409211187048e-19	marginal
60	5277.285661935313	1.693262466703601	3.067022974397422e-47	marginal
61	57.48294446836307	-1.8675803548379233	3.2906986452125905e-13	marginal
62	170.93876265664852	1.0440042266832263	1.2753259535957341e-8	marginal
63	513.2594264739109	0.5804353396712261	1.58987909582648e-4	marginal
64	711.261020045765	0.6154425670138537	9.155024671043118e-7	marginal
65	19.731319892944875	1.206590569057708	0.00520481678711341	marginal
66	80.39211513902485	-0.818238097616074	1.1969876039814288e-4	marginal
67	18.749693837155107	2.574525367673895	9.453507540399425e-6	marginal
68	82.67258397623554	-1.7121598589627065	2.51902104083651e-15	marginal
69	26.484742936443073	0.570045953166273	0.12152208911837196	marginal
70	17.205954696459944	-1.1751695752921723	0.004620687354959652	marginal
71	22.12615097584255	0.19203833232273052	0.6198959359739933	marginal
72	171.82313592118786	1.2700247845039359	4.11612310830814e-12	marginal
73	363.25263642087555	0.6510351299999785	1.4062738043570434e-5	marginal
74	7.784489370874773	4.58397334117462	2.1669697166532532e-4	marginal
75	26593.970163629016	-1.2718098158612516	3.676928242484513e-19	marginal
76	24.557224570080976	0.43890030968189964	0.23405989464295113	marginal
77	1363.937223155088	-1.463406934079523	3.817866955186216e-37	marginal
78	9.645511267425618	2.1959013992772447	0.002360618001096331	marginal
79	127.11300462931356	0.898365095399518	4.058492471898986e-6	marginal
80	946.3777244500509	-0.8966110423862432	6.932766550434416e-13	marginal
81	151.82246968534548	-1.0192668152437028	1.7290092724888943e-9	marginal
82	28.66233063190937	0.22159915494099075	0.540686866091369	marginal
83	39.75450659592413	0.21458391100884913	0.47928103965737867	marginal
84	7.196218009557098	-0.6862464497383113	0.27045905017181254	marginal
85	930.0640958716713	0.022901675096857983	0.864364329573001	marginal
86	589.5090966618609	0.4201582878270446	0.0015835483613684913	marginal
87	37.882246415489334	0.3682967703336983	0.23251030759605867	marginal
88	950.7960957174869	-3.2126481661853403	1.2679975695109397e-96	marginal
89	1269.1077921700014	-1.769822094417033	1.7785996116995187e-50	marginal
90	2077.452755841303	-0.8671366215974255	1.070695586969954e-12	marginal
91	31.412357799954137	0.6829090220270857	0.05709998985479026	marginal
92	646.6518981147061	1.149254674029361	2.7075648396612537e-15	marginal
93	42.13199245597962	-0.37268174325343284	0.19600609346100392	marginal
94	5881.142802251655	2.355598476328626	3.901249530704712e-98	marginal
95	1213.3972982269752	0.7930480654074175	4.253724082656881e-10	marginal
96	10268.754248955687	-1.8019494663781601	3.0841536406180375e-58	marginal
97	53.728018519909604	0.15535465998561496	0.5561299110842426	marginal
98	240014.64189577167	-0.677882759848629	1.460609489504164e-7	marginal
99	1526.7696951709709	-0.9539528161796359	1.1295926993854201e-15	marginal
100	81.82045761237012	1.727968818580691	1.3575831650971101e-11	marginal
101	56.40015921047572	-0.9371451481735968	3.0205712599009536e-4	marginal
102	59.782847704404695	0.4933695967801233	0.048493706809635134	marginal
103	15.990636125504608	-0.9997776626302282	0.019016496562573326	marginal
104	451.37189514298933	0.4683010815909609	5.463291912274917e-4	marginal
105	13.069752347448201	-2.9803101845041784	2.3196748472359853e-8	marginal
106	12.383981187640641	-0.6744904705730407	0.1652790665277288	marginal
107	1037.3895078188013	-0.41450462876857236	0.0018394770179679454	marginal
108	62.19072190912255	-0.5760938526915791	0.021111060290711175	marginal
109	3.2258169203660922	-1.9219168762485388	0.04538316432534895	marginal
110	4284.7586177797	-0.21719329799071338	0.04708221161405391	marginal
111	146.81073426862318	0.8176047111942522	1.5103290401426164e-5	marginal
112	209.04341600347306	1.7697625544066515	1.9662619350741253e-21	marginal
113	2649.6384551940587	0.3533467343686674	0.008782224488752575	marginal
114	96.156327636772	0.2045891517161518	0.3372068966149754	marginal
115	44.149340366506536	-0.622974871563952	0.02222999841469701	marginal
116	63.41273004246075	-2.191722312534174	3.8986132396295735e-20	marginal
117	282.056615693913	-1.2813992661954106	6.166828987147993e-17	marginal
118	63.31998183483015	-0.8925040530740691	2.0574054238367957e-4	marginal
119	6740.015989070465	-0.5090236806918311	8.250823038229196e-5	marginal
120	864.4424429078931	1.6383226448160366	5.914198949365987e-39	marginal
121	13.833368941978122	0.0982349522617484	0.8298906615449518	marginal
122	57.17032408473864	1.103770097015572	3.752386112390293e-5	marginal
123	120.59062167420478	-0.06854279356639681	0.7170396323463225	marginal
124	18406.04092521046	0.5421479478998601	7.572500423217304e-8	marginal
125	916.9896473949532	3.3324236029297296	2.0949692340300927e-108	marginal
126	38.18892167458524	0.6166522581272863	0.04348617233320036	marginal
127	22.201486643426254	1.4898342465387069	4.5678202219606083e-4	marginal
128	1484.7401748740972	-0.08644066675525171	0.5422003810277047	marginal
129	100.72702482960031	1.0476719580364635	1.8199170088251757e-6	marginal
130	4.641279267011123	-0.2734777670902874	0.7329660710885226	marginal
131	29.04289756060914	0.7769935916426751	0.02739613611759925	marginal
132	8216.454358254792	-1.6988087729863215	1.2463142475076013e-51	marginal
133	1763.931465686583	0.6664404630670844	4.957787355509789e-9	marginal
134	885.3011416700112	0.4881298048417784	7.587745345015897e-4	marginal
135	68.26176251780235	1.177842888857473	9.009919899939327e-6	marginal
136	7.5026114615466275	-0.9007180324366	0.1459331911577621	marginal
137	185.69661409937962	1.163716418091176	9.382045971614343e-11	marginal
138	1893.036159831285	0.8232280329864875	5.1825253900864805e-11	marginal
139	410.91602828285176	-0.7001688805212393	1.9611448591580297e-5	marginal
140	406.48965307481024	-0.34424867095418327	0.03343056026187768	marginal
141	8.570062871909363	0.7798653406291963	0.22313001836420865	marginal
142	618.0007749164249	-1.178553140107166	1.892826601986115e-19	marginal
143	649.5471746804757	-0.6162140952865581	2.372548606789809e-6	marginal
144	8232.95925197736	-1.1939211965909593	1.4968568077909253e-26	marginal
145	1776.5865364055608	-2.5017796987075864	5.582890441223584e-101	marginal
146	445.78680429569465	0.8142092112551257	3.4265784759345965e-9	marginal
147	1390.4728677828477	1.0193369908092178	1.2353424079593015e-15	marginal
148	1010.1443403368035	-1.075627134283703	1.2649785815089797e-19	marginal
149	5606.739462171532	-0.8832283082961551	5.2405314978955724e-11	marginal
150	175.23413885728704	1.1527174932421758	3.946448680964097e-11	marginal
151	8.619263734849506	-1.7612845098207217	0.003118519523662294	marginal
152	163.59278707616897	-1.954335538048245	1.4266004690452795e-30	marginal
153	286.5511844071787	1.3244652829460848	3.0690693481273445e-18	marginal
154	60.9890919148519	0.9822656754562158	2.3213944961206424e-4	marginal
155	9255.95894232091	1.2119966523830026	9.225631615627779e-21	marginal
156	120.35887886486047	0.3600770832628686	0.0633942018497182	marginal
157	118.07781312848198	-1.9206026012887634	5.030692894590135e-25	marginal
158	141.37438366275867	-2.323616665314644	1.747581957171116e-30	marginal
159	8.377053519510941	0.2526224778083967	0.6729406058201735	marginal
160	1040.1287903490377	0.8749487230686094	2.969628304406254e-12	marginal
161	45219.17172937821	-0.263369094896675	0.04114265227844475	marginal
162	74.38765478032514	0.787033118610533	0.001431630462170208	marginal
163	1855.7018979104062	-0.2897582966822451	0.02707393629278048	marginal
164	6280.3173314302385	0.16559304093247112	0.27152126434291424	marginal
165	221.71420045014705	-1.0655647885061434	4.773271116486643e-10	marginal
166	881.5336559496645	0.9801774389516824	1.1996505275529358e-12	marginal
167	16.1359246610971	-1.679441527154283	9.868962071622744e-5	marginal
168	841.0363735506147	1.876264149318033	1.5660988694588382e-42	marginal
169	4020.017407807889	-2.6285829897006616	3.3705706571386656e-143	marginal
170	3.267700643266333	-1.297240664503739	0.1910665408852106	marginal
171	99.07855004110073	-0.44223025478782213	0.039376977788493514	marginal
172	455.08410884088113	-0.9756106570612547	2.484645946413638e-11	marginal
173	81.81794619774556	-0.7534845039431936	3.0402500799885785e-4	marginal
174	75.13941530548328	1.7989909794403276	5.8384699523556745e-12	marginal
175	16.364493992242473	0.13968945048368453	0.7556052338644806	marginal
176	126.24985307185244	-0.1105525908888067	0.575158384469009	marginal
177	232.60572910425572	3.8263373361032538	1.6177835866416447e-57	marginal
178	1.2998132655063657	1.2128127411666143	0.45919832283391415	marginal
179	17.287436376089627	3.303571693806796	1.2329978787144524e-6	marginal
180	456.98220369595947	-1.5954170840625936	8.444883184424598e-26	marginal
181	148.63232540528395	-0.13371224319821753	0.5049207691488293	marginal
182	10431.419588974504	1.0200398311131724	2.40420004882931e-15	marginal
183	157.01984450134637	-0.14970955111690026	0.424457226885971	marginal
184	520.4802574368232	0.8734792539251941	2.499452903705149e-10	marginal
185	9505.707134652906	-2.665786203202286	1.8755044697150843e-110	marginal
186	24.757261652684075	-0.9817006122689315	0.005451631563868213	marginal
187	42.40078926242144	1.066533447252668	3.410947925525053e-4	marginal
188	300.491984771518	-2.1709346323672096	3.245983363144711e-46	marginal
189	51.388134693185165	0.5993482384486476	0.03137983500886983	marginal
190	15.371906180953019	1.7579005715902616	9.810751718491192e-4	marginal
191	21.119173742451196	-1.3611869488867048	2.214327168388616e-4	marginal
192	1503.924968661915	-2.9913764055827103	2.1136699379328192e-101	marginal
193	27.99687753102046	-2.1213254182493744	3.007075662270645e-10	marginal
194	3.773970434236097	-0.5306152626235455	0.5443676387330174	marginal
195	77.28600689860585	1.7396901035844714	8.494592243864583e-12	marginal
196	224.790427761182	-0.7931663521963512	2.6368413920670264e-7	marginal
197	330.98445509133364	0.0381014336823235	0.8070435414947676	marginal
198	2312.567640649244	1.4245622261462518	7.232830817911243e-28	marginal
199	227.9474288237998	-0.39599066682960293	0.013392730055655774	marginal
200	781.0004391033991	-0.2520311273624511	0.09408010835939938	marginal
201	4.073133587591996	0.5465460816571199	0.5569646410820009	marginal
202	29.765605486984654	0.2270984421225554	0.5145531326447496	marginal
203	16194.797671406508	0.4068072216726166	2.697890555884839e-4	marginal
204	3669.315235397135	-0.6912099787784831	2.0084894857999688e-8	marginal
205	1115.0142588462588	-0.21869913295872043	0.10286303872129912	marginal
206	697.0132494247082	1.4982039526611242	1.496384496365688e-27	marginal
207	113.65659333771852	0.7486625546039237	1.6002142146430193e-4	marginal
208	589.8168411731158	-2.0873222602387003	8.005312811866575e-39	marginal
209	8334.318382430756	0.7017946548092963	5.862461070416294e-7	marginal
210	89.84678153277417	-1.418239707166289	2.1206959141235845e-11	marginal
211	1140.6321820788814	-0.25560346779794135	0.044090143311908886	marginal
212	480.85394806273655	1.0045427337679502	3.775458373376241e-11	marginal
213	253.62702394043998	-0.7105169667325626	8.268131075415752e-6	marginal
214	17.181575696769837	1.5173709836354172	0.0021773616214195084	marginal
215	767.8963942716862	1.3096176140506497	8.55659823628543e-22	marginal
216	26.436396889794334	1.4815927000021674	1.697329950425793e-4	marginal
217	94.6762613357864	1.3628923853548722	1.268262195114538e-8	marginal
218	783.6839468626033	-0.259371565278961	0.08423017758041497	marginal
219	2157.431821709974	-0.62965718459087	5.4680292170388535e-5	marginal
220	57.60928974803681	-1.0389540597978948	2.536594813463731e-5	marginal
221	528.797323943102	0.4755480061106922	5.463291912274917e-4	marginal
222	12091.70535855095	-1.6838941656975404	6.640668116744281e-47	marginal
223	1309.90910903053	0.8096496907714181	1.8613529420321788e-10	marginal
224	1415.6303654090239	0.5547569607365898	2.9195005919882613e-5	marginal
225	300.59370989970404	0.8677839047840924	1.1752221040030621e-8	marginal
226	564.502785450381	-2.8284880744015792	7.882031287371857e-85	marginal
227	7.006545213340962	-0.7844649168904918	0.21783317187488832	marginal
228	434.2308889748773	0.9795513577061231	8.807609266213141e-13	marginal
229	525.6710627858556	1.9934503353174207	3.378962581897743e-29	marginal
230	33.08083787078627	1.4469428875610932	3.501837447021385e-5	marginal
231	224.37299273859304	0.3299962701104098	0.046361926788856186	marginal
232	58.306118756663885	2.429843863977474	1.4579183242687988e-14	marginal
233	465.3994254152939	0.49920932104491683	0.003792995685040113	marginal
234	807.9610365733051	0.6767045087611046	3.353272909492452e-7	marginal
235	1282.1801828995167	-1.7683628034480696	3.3226239979884526e-35	marginal
236	793.3840515234042	1.6423541836749445	1.3409349932045912e-30	marginal
237	170.01287303223617	1.9215872079797394	5.49797557832929e-20	marginal
238	57772.99420667215	-0.9372451900244264	1.769681926063776e-11	marginal
239	150.5612409335093	1.9265491723282242	3.629435747874205e-21	marginal
240	29.04282286584889	2.249992819236703	3.3778796019070393e-7	marginal
241	21.43697343324672	-0.17380762507616154	0.6576826117761673	marginal
242	191.08716076635363	1.834513590856487	4.8682019213963015e-18	marginal
243	345.8101292258501	-2.390069584251113	6.922933178602607e-55	marginal
244	834.2319073053433	0.7459451430964849	3.8163466095119595e-8	marginal
245	35.033563094154644	-0.7037068661597349	0.018401396168058835	marginal
246	13918.055509008895	0.06409884466784224	0.589380455892937	marginal
247	2645.156057612004	-0.3444793097911541	0.008782224488752575	marginal
248	190.2596847383477	1.3296412846612105	1.655335916345075e-13	marginal
249	545.9208267619057	2.737241785858659	3.4973353951045504e-57	marginal
250	37.43802819259122	0.3443641581330163	0.27379717301087675	marginal
251	1280.0457623121476	-1.3946158788650391	8.60342023035876e-33	marginal
252	3701.9132240926615	-2.140861538695119	2.5601637289779512e-76	marginal
253	2424.4056812805	1.2235835811421965	1.8663961982628187e-29	marginal
254	6383.647508656881	-0.6291265702193809	6.52444201742843e-8	marginal
255	4.671615658294853	-0.8456723291646099	0.28318371706808154	marginal
256	14.225669160806499	0.8532190765648275	0.08897807943293332	marginal
257	51.6908726876389	-0.5244837172101714	0.060278575145342024	marginal
258	1344.4000853045911	-0.286400011501965	0.026476770164489093	marginal
259	291.94382739312414	-0.7908265293523224	4.027939342317113e-8	marginal
260	1262.507181227664	-1.0025524001965962	1.2113619372717877e-19	marginal
261	351.89449317835386	0.23470046955629395	0.12431090016977339	marginal
262	101.64364323806697	-0.5307036647440856	0.006796562045228339	marginal
263	83.94821764297384	1.2624455964795012	1.7270506118732543e-7	marginal
264	219.92294150417888	1.1619546867914472	4.368635303131973e-11	marginal
265	151.14777375193185	-0.2144041988132081	0.27379717301087675	marginal
266	150.6178880450403	-0.39310538610721146	0.024586728262756475	marginal
267	240.62208126949008	-0.7573803285618895	1.041523002075113e-6	marginal
268	24.84019888550159	-1.4073259043375304	9.670869445817786e-5	marginal
269	3664.4055359461454	0.2265918786515165	0.10683372905524628	marginal
270	202.52970659035697	-0.6916618130902459	8.934433599180816e-5	marginal
271	1073.150734947145	0.9070607687148259	4.999357898739173e-11	marginal
272	100.45466472343074	-0.4557119624480192	0.026214523732604408	marginal
273	962.8839168520581	-1.1020703603330906	2.4013586786582164e-17	marginal
274	10.846785536308175	0.7535248701127243	0.1779691577350865	marginal
275	1926.6273801844748	-2.3314171145739784	2.007101242924949e-97	marginal
276	9.891131030497448	0.30813095585865075	0.5917733050804044	marginal
277	380.9798077989718	-1.6011192521426718	5.216433949708145e-29	marginal
278	5.201476817767414	-2.1642060243588217	0.004786415025974791	marginal
279	325.54126107741047	-0.08699405442277193	0.6254445778316282	marginal
280	5.295835148571879	0.9065957147283483	0.2609990351137419	marginal
281	480.2258680839218	-1.811571787139799	8.803151246269072e-32	marginal
282	488.66799378035984	-1.123038246250242	7.709199216935293e-17	marginal
283	239.5504632508057	-2.0701886649811376	5.330494404620703e-42	marginal
284	3025.0135729970043	-1.2461353279233447	7.92597827755526e-31	marginal
285	1663.5612547223839	-0.6970449720913883	1.1371111366140719e-7	marginal
286	65.63120949840594	3.4366091462214112	4.1616645398824025e-20	marginal
287	978.5461596618762	0.1638874133285272	0.23251030759605867	marginal
288	21.16496758292043	1.4146496731090585	0.0012097046424154826	marginal
289	20692.936374793146	0.7973716601619152	2.5714863224608424e-9	marginal
290	27.98710613681871	-0.5893921341031279	0.08014459635224769	marginal
291	151.80269431684277	0.02662691947382228	0.8808302061223772	marginal
292	38.14759082344728	-2.5686433879713393	4.4819990484740995e-17	marginal
293	184.6466378406541	1.0708661026890691	2.272048491806938e-9	marginal
294	732.4373872714958	2.594672916937377	1.7883189677988e-77	marginal
295	33.32818176175529	-0.7662843710177348	0.015392025263348316	marginal
296	1170.9636363110237	2.142079142095916	8.413482327357174e-49	marginal
297	33426.46498290092	-0.2374476931467212	0.044992398382905675	marginal
298	98.37383491709855	-1.4501218635505133	1.6911989458473557e-11	marginal
299	458.86750613199354	0.31391186143043226	0.025015971265195176	marginal
300	5.366425910709634	0.999192505630946	0.22313001836420865	marginal
