gene_name	baseMean	log2FoldChange	pvalue	condition_A	condition_B
1	725.7466668384294	-0.21985940205081106	0.7585273279364917	2	1
2	2712.788282980211	-1.4467479119191158	0.049985412843963434	2	1
3	37.82257849430505	-1.560287656375754	0.07338879350465546	2	1
4	731.0636054988706	-3.1471877984344303	5.1426131450494416e-6	2	1
5	112.26429043149837	-1.8978859439886935	0.004652320439958953	2	1
6	1865.6535828085418	0.5827956630458095	0.42011710239791394	2	1
7	1827.3869952160387	1.0884121622640974	0.11595771989795434	2	1
8	132.19077995622686	-2.960374908414543	8.627996603801628e-5	2	1
9	123.81873748339692	1.1025626958444197	0.1564679307707681	2	1
10	3990.9634048108933	1.601054269734654	0.03598957977022165	2	1
11	1899.1267058537255	-0.7489654375510663	0.265621360247798	2	1
12	87624.09352516096	-2.1264074868078375	0.003173168182612996	2	1
13	625.7401800183658	-2.8115012332832623	1.3678295794340692e-4	2	1
14	1143.368448326531	-1.0580828352311047	0.14831878519284944	2	1
15	141.90783854187015	-3.063720972410854	4.8641829545617935e-6	2	1
16	14830.009639237565	-3.8977651959208326	4.842729051761492e-8	2	1
17	97.52487421537633	-0.7895009208921094	0.29201852636545766	2	1
18	11.48816984513053	2.3978250359346394	0.014514358238509167	2	1
19	20022.07935287108	-2.2522930662547274	0.0012369135731041493	2	1
20	123.71699994306721	-2.919194540401494	1.2367872772757762e-5	2	1
21	529.7776669779531	-3.611132206393566	3.31641724598112e-7	2	1
22	293.8587453030797	1.5973216470697378	0.025729891513442463	2	1
23	27.784455901841376	-1.3533686390597173	0.13828983671791176	2	1
24	323.90425929185454	3.9764748687292033	2.596319497052546e-7	2	1
25	33.92356038969961	-1.84939566440575	0.009823129549263019	2	1
26	6479.627435565771	-0.280277641407666	0.7209106685562239	2	1
27	1228.4993078679647	-2.2580022109650617	0.003324447271498753	2	1
28	1.5538831770094805	2.9183049220065604	0.1696591877150396	2	1
29	41.926579868967934	2.6323661044221938	4.4540067550402103e-4	2	1
30	4.416055255174008	-2.700095778036134	0.029972096834524165	2	1
31	399.2322790511799	1.2463492468730253	0.08051735892337858	2	1
32	143.02364917220203	-3.072925643467771	1.5834803545164446e-5	2	1
33	37.98963556178238	0.7464421872417926	0.33162609510022506	2	1
34	78.96063857333266	0.26322355894150845	0.7361218918063	2	1
35	16.47681973341628	-1.8748455363477181	0.048236690282508224	2	1
36	21.995174494567667	-3.819794624532149	5.473230852223576e-6	2	1
37	9.783487245278833	-0.817501315122019	0.3532496599559533	2	1
38	190.92628388497167	-0.9740876739645233	0.18952342004100048	2	1
39	218.15943781242115	-0.9158862324066104	0.21503176938524438	2	1
40	33.43675045619361	-1.6825695440208184	0.020170483965190403	2	1
41	1379.862913258935	0.1606532463256301	0.8201507220354862	2	1
42	152.57135729523188	-2.43444050605407	5.02869881663654e-4	2	1
43	612.2324639291509	-1.8535807398829616	0.00809765327465606	2	1
44	118.20531175705614	-2.1197284618003134	0.004275111504060745	2	1
45	1.372753686237993	0.9321828650334366	0.6301984715628902	2	1
46	11002.921092642964	-0.8625973262811107	0.19772518541852613	2	1
47	223.25280415066757	0.4452411483377987	0.499885363472714	2	1
48	96.03759581078609	-0.7852440251297252	0.29423484108263864	2	1
49	1772.8974416094457	-1.483130902629555	0.047558197874544385	2	1
50	2408.073728597182	-1.7152525037064965	0.013740770491052776	2	1
51	35.601236421533265	-3.4219958571861206	2.9932346695640316e-5	2	1
52	239.1318355557011	1.4107465754177617	0.06304958703517721	2	1
53	47.508447622344775	3.1616860287894206	1.9207233665563566e-4	2	1
54	14.294164562039763	-4.275617218214195	9.339241052467974e-5	2	1
55	2285.4258750184654	-2.578089375829739	1.5037610454373028e-4	2	1
56	2.831818543672019	-3.373980895791382	0.028415931197892152	2	1
57	19.720794714709157	-0.5372166262956068	0.5561571381636967	2	1
58	76575.89020805748	-0.7075953198172117	0.29985814602734945	2	1
59	477.9143483520426	2.0700710217064806	0.0028525021084086985	2	1
60	696.1352325198056	-1.211415865866588	0.06211465104195417	2	1
61	31.845164024077903	-2.9793554538706197	1.0704008436162495e-4	2	1
62	2819.6534719452366	-0.5540190900831878	0.4293165300626664	2	1
63	418.6222642744927	4.497413550891848	1.1904036328217796e-8	2	1
64	1474.7078703701975	-4.544699529648977	5.713929136852459e-10	2	1
65	10.96964477386608	-0.9166137904587732	0.3594619480179896	2	1
66	2.6608842285258776	-0.20207136924660032	0.9074050836409384	2	1
67	67.24875881634796	-2.24440692690681	0.003033509837145405	2	1
68	8433.156757400433	-1.9266489110919824	0.003556708242042025	2	1
69	465.95197920654476	3.1005329608679344	4.392938965040655e-5	2	1
70	617.0785722092224	1.8199111887164077	0.011456314016967813	2	1
71	12.306986496600295	-1.9466133257175384	0.04909920627481244	2	1
72	26.210075346195158	1.0191710915598602	0.20769435410206774	2	1
73	229.32268565972453	-6.153696511739463	3.308869176847281e-17	2	1
74	1946.4565042595623	-1.3257918699919413	0.06244720837151512	2	1
75	28.5210106187551	-5.459158438413697	2.341607778136968e-9	2	1
76	281.59042237326713	4.891783683187328	3.1487696398409694e-11	2	1
77	57.381901400509825	-6.504828338735053	8.065603488588603e-18	2	1
78	17.698151619903292	-3.668540917458815	1.728418540952905e-5	2	1
79	66.41349993060219	-3.996138617089995	2.1789141740102025e-8	2	1
80	2209.292266843239	0.6922269459936679	0.3533007009312866	2	1
81	623.4431110708518	1.8066602912790304	0.005465702474678546	2	1
82	2779.074195970885	-0.7966112356179373	0.28172366479876754	2	1
83	178.53133208568255	0.44350438232459927	0.5341794309280289	2	1
84	3166.782846065428	-0.48469286145993723	0.47462781558830175	2	1
85	105.4578224680596	-2.138909611548371	0.003152189370586195	2	1
86	6.2807592874399205	-1.3464344789013918	0.2432681638307452	2	1
87	380.0637805186148	-4.004591911983286	1.4080970123654303e-7	2	1
88	155.63826335524558	-1.423034026242098	0.055884007141518366	2	1
89	319.6337267598214	-1.0944910072153347	0.12764404257589684	2	1
90	2328.713379474032	-3.271792046669499	6.624585459679497e-6	2	1
91	317.61478405411054	0.49456351135143084	0.4748864759931311	2	1
92	493.581442614666	-3.249160903167629	3.34691291327646e-5	2	1
93	578.1653927399394	0.6477768489682104	0.35294492176422965	2	1
94	14.273159697850021	-0.1631063196657965	0.8625748934899145	2	1
95	41058.44394064701	-0.4920133683089791	0.49404615915209	2	1
96	52.648256114121054	-1.8700521984467886	0.015922229895870898	2	1
97	1.6451988813319605	-2.9008492820577874	0.10369074972713534	2	1
98	11.987971563281624	-3.2972886421473513	0.0018166125622107589	2	1
99	207.36293501142535	-1.9417373212436575	0.006301244179993604	2	1
100	34852.31937170576	-2.18227380548269	0.0025758371145354862	2	1
101	95.91434920667741	-1.353709890614546	0.057898331140792694	2	1
102	36.757167339932266	-0.9791783225594227	0.3088042783268586	2	1
103	28.889991731941144	0.06967908249909587	0.932651962872781	2	1
104	0.9619928177067284	2.3326150725579566	0.24187635874981514	2	1
105	1434.121002327606	-4.4979739373758845	1.078553839784215e-9	2	1
106	9.607006928705518	-0.806008067470572	0.40873555107511417	2	1
107	6.6569518844269355	-3.4502997093647405	0.009041641680610512	2	1
108	272.8000412145666	-2.542447551151285	0.0011276241927564862	2	1
109	198.2995180428569	-2.4904264477846705	2.9058423585795565e-4	2	1
110	105.71701497508266	-3.2087317546230594	6.93150605125406e-5	2	1
111	544.408081677132	6.139153222593807	1.3724897059488886e-15	2	1
112	1316.900052960211	0.2216296056294242	0.7548819144458688	2	1
113	16.795420865959958	-0.310519192157339	0.7070239294543668	2	1
114	15874.366547357053	-0.6507198293309516	0.34434781637413425	2	1
115	560.6163561386124	-2.0344588231696266	0.0035270539277968906	2	1
116	349.03591502834337	-2.6191949181838887	5.27134195670082e-4	2	1
117	2276.92172471242	-2.6179258636391163	3.5720209902745734e-4	2	1
118	15.47802458044849	-2.9707083384246755	0.003178717478731475	2	1
119	5577.222727254783	-1.6235240974866056	0.016709903307697394	2	1
120	1187.2641919236821	1.9974877413080534	0.005067103303907831	2	1
121	64.80575906265902	-1.4556253173107279	0.04872100215606623	2	1
122	91.86460021841071	0.6391260622320715	0.3636257208394917	2	1
123	7828.4164193228025	0.6375478703878822	0.34758792926234666	2	1
124	1896.8435844879562	-5.882693686593077	9.559067854175892e-15	2	1
125	22.022789698524722	-0.9701064784235057	0.22804780184271306	2	1
126	5404.586282772937	1.4596411932134545	0.03075268562443601	2	1
127	95.01464782104028	-3.188818349379277	5.380893799036134e-6	2	1
128	347.0170881842008	2.835576090789347	2.5533797928105285e-4	2	1
129	76.1530648210136	0.24934295774261778	0.7504703537022643	2	1
130	3627.20478595327	-2.3694596480587324	0.0013960398232200901	2	1
131	2540.0440103052774	-4.149093772265876	1.3227311174404734e-8	2	1
132	224.56834096817965	2.200334511513996	0.005760197241338869	2	1
133	24.122058513016785	-4.181506499024875	1.45971013535659e-7	2	1
134	20.872955743317625	-0.30982012885937904	0.7142603729682114	2	1
135	6827.248539195561	-1.427341698009825	0.03582324074346898	2	1
136	42.675528203984214	-4.078503533029211	1.3678738619003237e-5	2	1
137	83.74865966161524	1.5486151787902593	0.04316959194876992	2	1
138	13187.282841114948	-2.655043776447888	1.5930843525222121e-4	2	1
139	2004.9108431368763	-1.4756967515598325	0.03285928180913983	2	1
140	224.8306958226231	1.256340583116159	0.07655081793605154	2	1
141	446.31591656781205	-1.575316650001648	0.038934583475396745	2	1
142	1498.5194977031872	-2.911577587042041	9.477370513219402e-5	2	1
143	424.69895466292206	-1.3958592573832447	0.03196302729719137	2	1
144	7252.963226637075	0.5898601566024878	0.4160661943899929	2	1
145	7.444322570890402	-1.663204014687314	0.09383240514051931	2	1
146	618.4192892666003	-0.3013401117277625	0.6660483610424704	2	1
147	71.45143148751828	-0.8070432901890624	0.28730820511000243	2	1
148	135.42603853154014	-1.341102698339059	0.15638900365826636	2	1
149	1278.1765378385385	-1.9150858277095602	0.011068507609433587	2	1
150	49.00944367937175	1.4716021651446956	0.055633294470859455	2	1
151	86.24222799934145	-0.9879892431661274	0.1633943440517252	2	1
152	275.80947107755037	2.1917931097612	0.002291614104953572	2	1
153	151.0097601447494	2.2012086963541444	0.005024798260563081	2	1
154	300.9575482158676	-3.8100393705565363	1.8485023709172956e-8	2	1
155	1960.0917340677304	-0.24342600634956993	0.7280823898008806	2	1
156	36.04586471474451	-2.369207727903473	0.0029692148553348177	2	1
157	18.64018833045857	-3.823096598976754	7.615895896056911e-6	2	1
158	18.525699377088554	1.1171857131871512	0.2375381085571952	2	1
159	53.47277093674763	-1.7609778213712068	0.024261063996237533	2	1
160	15360.873544938031	-1.4219223312723868	0.06650657662582202	2	1
161	161.41132875692284	2.0402493245154476	0.004598174144327966	2	1
162	13756.317807827085	0.19815535390439426	0.7754786105468995	2	1
163	10.461051485659176	-0.5853981613293391	0.5767099844435849	2	1
164	330.63063212130453	-6.255881230469036	1.5321192634185853e-14	2	1
165	13240.393413870162	-0.9414410140513484	0.1796928405157344	2	1
166	108.40767640432675	-0.004911821853980072	0.9950983818741553	2	1
167	9.927266964855198	-1.7606879809983935	0.06523061669351707	2	1
168	301.44518119277944	-2.266395946932862	0.003204201317242163	2	1
169	687.1099595786493	0.6360270817372764	0.3587010509713095	2	1
170	11.35785127569985	-4.340630019829277	0.017307609973340354	2	1
171	606.0244622667674	-1.3119819211345514	0.05948689207644099	2	1
172	12.677275723380333	-1.787396276499078	0.04607367699145571	2	1
173	859.8417217314794	-3.0743333125204475	1.0462025453288481e-4	2	1
174	2638.8772213036586	-3.806434520652124	3.396840758744741e-7	2	1
175	141.68037654120482	-0.3179598465405372	0.6850270935848526	2	1
176	26.929059323853664	-0.09136864398131726	0.9114647617591433	2	1
177	17.85934356526946	-0.4357959888882641	0.6299969866859324	2	1
178	19.97705186949825	0.6970885548328651	0.4089983040584047	2	1
179	203.9142998423873	-2.06951968218578	0.0021328074157911363	2	1
180	3257.25120287541	-0.9094107661239488	0.1885669634119496	2	1
181	15115.530657527519	-1.0097405382444538	0.1688607708730488	2	1
182	6.1568537779213495	-0.876160540362273	0.4446320859210936	2	1
183	18.867995211623434	0.026971772557205228	0.9760791643906391	2	1
184	5112.478220092325	-4.42654423356748	9.501758405264427e-11	2	1
185	196.96923099895722	-2.8898070409620153	1.9327940436287077e-4	2	1
186	2015.2186331738776	-3.634759206301001	2.284614690370459e-6	2	1
187	436.9127161057147	-1.0044563560854929	0.1864947354786047	2	1
188	211.00659666163745	-3.2862090088289744	1.958605997737933e-5	2	1
189	62.30842752907993	0.5525189795477141	0.4478139368065469	2	1
190	145.83259930268756	-3.427411312482797	6.618066776482556e-6	2	1
191	198.01577911778637	-5.482623210203964	1.483443476977949e-13	2	1
192	7.994148947865829	-2.6004596221832794	0.018670169010601867	2	1
193	85.05091868555371	0.08139725959956343	0.9155665105787728	2	1
194	26.971331665304273	-1.6279225738795966	0.0388784020124235	2	1
195	1.9943614894217858	0.5974615245234723	0.7547893294623522	2	1
196	295.5216730620974	-3.515927993490378	6.690856309333847e-6	2	1
197	4130.777599096548	2.2116066187711807	0.002362395473699275	2	1
198	403.6225147522015	2.3140656038756857	0.0011189321917172664	2	1
199	593.9449160478669	0.5335473799999542	0.4158914151442605	2	1
200	196.6567970544282	-4.227325544822702	4.6789858609147904e-7	2	1
201	1065.8344197533545	-2.000353897806867	0.0029113819955160145	2	1
202	61.749298620727814	-5.27031744208706	2.5058959927935626e-6	2	1
203	17.424968014762882	1.1148122260998683	0.21704719421623958	2	1
204	705.6445257412712	1.1651653918337503	0.10149647980451172	2	1
205	25.538497047372122	0.58677676701658	0.4748728022214288	2	1
206	6.5272255274482065	4.901882653195038	0.0010561234921930237	2	1
207	469.2824715649923	-1.0419473774490557	0.12074339453973008	2	1
208	207.06632694445634	1.063589049037931	0.15223308969795596	2	1
209	29.251743159590333	1.7667912705367879	0.03621614656775102	2	1
210	597.7655879413993	-3.17841646630778	4.8398608670494045e-5	2	1
211	24.335100409061916	-4.409517018029997	1.4476478955866837e-6	2	1
212	1.3228096515595107	2.2944021115294877	0.38922096680057505	2	1
213	38.80593036869769	4.9512631549765995	1.550366089654913e-8	2	1
214	3685.0682135993547	-3.6304953258776202	7.317782789162197e-7	2	1
215	89.971848121522	0.509603987774611	0.4659597462615192	2	1
216	176.83054003070586	2.339571944069521	0.002959145949079978	2	1
217	43060.53440982166	0.33936275125588555	0.6424876548848243	2	1
218	6205.372286439741	0.31324498005546875	0.6485636400087079	2	1
219	337.0054339886597	-0.7417832875258411	0.2971608789789301	2	1
220	209.26484136524584	-2.021579816592209	0.0016839692644227441	2	1
221	437.16625714913056	-6.03686937582515	1.7544626239094028e-16	2	1
222	19190.36417914758	-2.9929992341817138	2.073645599975086e-5	2	1
223	2837.240766396467	1.4828423136743485	0.03927618092036796	2	1
224	165.1604382973269	-1.4004951466476045	0.060284756745377185	2	1
225	486.17143746995697	0.11296581915278606	0.8664690617594041	2	1
226	291.2267642823416	-2.280414114274467	0.0011361347330847897	2	1
227	5.382964175154572	-1.887753864482918	0.08966992155768795	2	1
228	2457.821287170559	1.6620520070859448	0.013664462903846573	2	1
229	53.88621954207689	-1.5710016270398017	0.04059913433586622	2	1
230	22.94241482676175	1.3957361500575016	0.10260206607111068	2	1
231	863.1847645895124	-1.4871861959352817	0.05441750221975909	2	1
232	572.2481266633296	-1.0738259842872737	0.1219050844776581	2	1
233	4885.00386736626	-2.0898290399819617	0.003292094087871764	2	1
234	163.5133379559604	1.2586544898038239	0.06326245514903318	2	1
235	3120.811816650772	-3.379253374692796	1.4892994327801946e-6	2	1
236	1.1667194295857513	2.4321394173979636	0.31617015160124373	2	1
237	203.79604039672006	-2.579847363701697	2.427051788066142e-4	2	1
238	136.32562429784608	-0.2778776229204823	0.7029117620087634	2	1
239	122.4915616592349	-1.4461194888997362	0.05095054082073411	2	1
240	88.9412474561457	0.3011947861894976	0.6859723244292965	2	1
241	2227.8642626146416	-0.5045272853129725	0.4744810822337289	2	1
242	182.29161806275297	-4.580839310194847	2.735874413200797e-10	2	1
243	49.392391421213816	3.1910523960663437	3.6970418731047724e-4	2	1
244	1769.6315919947415	-4.871265062421165	1.4494561635625541e-11	2	1
245	2242.20245877405	-2.1913673284863635	0.0037839268450835495	2	1
246	13.605360854410696	-0.45265786944032377	0.7022954215991102	2	1
247	617.6699915514239	0.6120086030672807	0.38809340327891995	2	1
248	2011.5392387473864	-1.25408084222903	0.08522963580753087	2	1
249	31.448657253369294	-2.6989669936358474	7.935580808458892e-4	2	1
250	3441.788573460927	-2.2998375362635035	0.0012800359044567791	2	1
251	451.0279224350707	1.1849387368027346	0.09784903390208023	2	1
252	7.299547694724152	-3.8805623193581926	0.002627372158854559	2	1
253	4960.1214325110595	-2.5958349280115725	4.0705169636412323e-4	2	1
254	3.2650137967813717	-3.0732437516323046	0.02366460098545694	2	1
255	8809.032167790889	1.2541690658661673	0.09030713074031507	2	1
256	161.8683170232909	2.7072188491342417	1.341650993781004e-4	2	1
257	1901.7639967724158	-0.7923670926885718	0.26128937240029915	2	1
258	38274.12196695387	0.051240155158988256	0.9430391707708987	2	1
259	1399.0190002370657	-2.3731641443447034	8.76167594339079e-4	2	1
260	5588.935423388979	-0.8748953902153195	0.2117686776338638	2	1
261	594.9812919936263	0.25172683141773344	0.7199314931792056	2	1
262	927.6685855413817	-2.450341888616771	5.863887724441313e-4	2	1
263	76.30264685285121	-2.522188862639329	5.802406911700206e-4	2	1
264	11.962854871995539	0.20860572336903077	0.8295548978027627	2	1
265	4326.100589195567	-0.45581908016752803	0.5333595678759202	2	1
266	7262.48688183524	-3.8094665832529215	2.98095552837407e-8	2	1
267	1905.451565683865	0.224477367816463	0.7477101463897846	2	1
268	827.2969165822692	-3.3117368055409737	2.694246886796149e-6	2	1
269	927.8291233664862	-3.6289305618734957	9.616786197256462e-7	2	1
270	6.6273622819919265	0.42965687098748073	0.7570165009659986	2	1
271	529.9885668869289	-1.1078754827477095	0.11514765981339517	2	1
272	156.46698421815054	-0.17528403591872796	0.8185274197652636	2	1
273	301.681947410812	1.0484354929373436	0.14266237861343412	2	1
274	201.31863503849002	-1.1778739893339334	0.08654279336268425	2	1
275	170.1034775872297	1.3524132142092167	0.06305106595714974	2	1
276	1194.5259698455402	1.451961941949201	0.028780719953645128	2	1
277	67.16155023719328	-3.055631842803408	7.33292515458908e-5	2	1
278	48.40599619254995	-1.947820773795489	0.013384095721233183	2	1
279	41.03041139836136	-3.930889476284107	7.258628133463867e-8	2	1
280	251.28382448738807	-1.5070042182640866	0.026624857145633684	2	1
281	224.13657817783616	2.857103266095844	2.279297562933001e-5	2	1
282	686.8992866992642	-4.938400367643064	2.751319556734999e-11	2	1
283	117.56351276760178	-1.4649771277112178	0.04381960378374796	2	1
284	22952.57090925395	0.2709459565468949	0.6952325882865217	2	1
285	735.3854835895027	-0.046168664657994955	0.9435134844779401	2	1
286	128.99477179759896	-1.0566748940368635	0.1618704980432815	2	1
287	612.7294095505529	-3.925610351328659	3.013179413173157e-7	2	1
288	2831.2179884873426	1.0144227231482066	0.1532529047240296	2	1
289	60.63808144571736	-2.204662900385275	7.815345453037636e-4	2	1
290	3819.106271856858	-3.862665367306869	1.8913044645575415e-7	2	1
291	6527.730673325996	-0.5665262663389514	0.3918437188732711	2	1
292	80.15008342214001	-3.479008827425029	1.3978914308236464e-5	2	1
293	83.98796456858578	-0.4086338657010317	0.5962584223948045	2	1
294	191.39076475359798	-1.6696105768381657	0.009936123339613391	2	1
295	1.719079833104658	-0.6879520905516338	0.7024119792750546	2	1
296	44460.878606840546	-3.2136638829338264	3.8046945620787484e-6	2	1
297	24.672295972536443	-0.20946195328506637	0.8022782447084552	2	1
298	1291.4098370349122	-2.269390526601931	0.0026711475543755464	2	1
299	53.08478070369518	-1.2926098680191223	0.07292237044991806	2	1
300	1630.2012369992042	-3.594092876450588	3.858150072117882e-7	2	1
1	858.8833274822812	4.004217949698737	7.700125561508197e-19	3	1
2	2959.1686433062305	-1.8395504687410675	6.772188202890785e-6	3	1
3	40.54332034960767	4.472312934933975	2.68370614702729e-9	3	1
4	815.6284423924812	0.006661066932491111	0.98727855503343	3	1
5	127.83813722847232	3.8754804307300805	4.707814277779766e-18	3	1
6	1882.508319431608	3.618814844075768	2.3228732035927853e-16	3	1
7	1994.5946412839037	1.119900498838268	0.006759569025271717	3	1
8	157.77642279813105	3.460666584819708	1.2415825036260015e-6	3	1
9	125.73432528221103	-0.6709728644004629	0.15314680595839236	3	1
10	3822.23295965889	-1.3156084764863603	0.004917660170488923	3	1
11	2024.611961946457	-1.5530045605363	2.494439420903529e-5	3	1
12	95657.43728592085	2.332773851682961	3.174290477435995e-8	3	1
13	684.5091520149371	0.6627326309761667	0.17052415833813134	3	1
14	1274.7880460112806	0.4809262393623908	0.27511603928056627	3	1
15	144.83080162649628	-1.1596675970524872	0.003950441011230713	3	1
16	15993.975973955881	-0.6168173800759138	0.12216376299865755	3	1
17	103.18724996007685	-1.4443132893338675	0.0019353866233199173	3	1
18	12.903383498521597	6.697964106018558	1.9677301193621038e-11	3	1
19	22705.643750144787	1.7138029240458927	7.82945030436668e-5	3	1
20	133.11054298938157	2.2732126104212735	8.006944694319477e-9	3	1
21	635.5312236040028	4.6514622997159645	8.263138149148115e-20	3	1
22	349.0828816421552	2.6808916100613978	1.4933055872809073e-9	3	1
23	28.599781220676245	-1.8379611902074167	0.0021818619407727984	3	1
24	359.580323270054	4.1126957813542555	2.0132750242311296e-17	3	1
25	36.887696179892274	-0.00917136037483385	0.9845873857063263	3	1
26	6640.05811156994	3.827123695220116	1.3639017858514683e-14	3	1
27	1292.019145427625	0.46784130869578294	0.30813024468393096	3	1
28	0.9514009658829001	-1.1130669589508981	0.5769155977321264	3	1
29	51.79744218281706	5.149878326960964	6.598309858067494e-20	3	1
30	3.4772306586444417	3.327058191362658	0.028886343352094685	3	1
31	431.23002531911567	3.39669341921776	1.4746905228535089e-15	3	1
32	167.8338054658367	3.3567106813796617	2.40556280909709e-10	3	1
33	50.04944469687283	4.667210606315053	2.976670758095971e-18	3	1
34	83.53859138888474	3.734652197249484	9.388795637040664e-14	3	1
35	16.449510605301096	0.9389883923052281	0.2402602566898171	3	1
36	26.18023960037864	1.5553109056778767	0.01738603274916108	3	1
37	10.846387534397675	3.1740693163515195	2.0157324724107033e-5	3	1
38	219.59024132351078	-0.21613062135622604	0.6276495604952408	3	1
39	254.7272387165155	4.045452632375928	5.848777585241379e-16	3	1
40	36.97396389731393	0.6372639010275614	0.22078600945192645	3	1
41	1377.3133403250388	-1.4383280206158275	8.733673823096874e-4	3	1
42	172.1792134846098	1.219628839385244	0.0062966041841813125	3	1
43	694.7370564637196	3.330972875573693	1.8603281551572795e-13	3	1
44	111.54929512346045	-2.1048573898628686	1.4439819569393543e-6	3	1
45	1.1516446095994322	2.0298429602480192	0.24366694342076092	3	1
46	11519.971535278788	-2.8140977307193604	3.573751152469692e-11	3	1
47	232.19681961289922	0.9224881491527913	0.027598358079842056	3	1
48	115.43508675349102	6.648287501307855	6.032074770590833e-24	3	1
49	1935.4654475227198	2.6558389039841397	6.492829719675272e-10	3	1
50	2705.1015388981286	-0.09860551397305717	0.7963714413509714	3	1
51	35.836777631500645	-2.833567666985455	1.0963449172101318e-7	3	1
52	250.87504676719183	5.557242266461809	2.080329009961967e-28	3	1
53	46.13771489536813	4.14092973346787	1.6088968962220034e-12	3	1
54	17.841275284498746	2.5819967913360853	0.07770679545385013	3	1
55	2573.6985852560388	5.468693802237061	2.7518918952822607e-34	3	1
56	4.096770349164721	0.11433647098416401	0.9250093051663818	3	1
57	20.04930050251649	1.5212506651589919	0.053499936985228876	3	1
58	81640.6447753595	1.6336907547640964	9.284592256407205e-5	3	1
59	479.25937013840314	-0.4615297839733789	0.2678109884614425	3	1
60	798.1724142474627	4.1773631102802185	1.0474286939928247e-24	3	1
61	39.81901326029586	1.432524583878837	0.005892331969918388	3	1
62	3295.3158076334093	5.57067094191773	6.816116770732433e-35	3	1
63	414.5651067769954	3.76081978342033	2.266979130906988e-14	3	1
64	1664.792950187242	1.9482693863016802	1.669113548704431e-5	3	1
65	12.118914077620591	3.4058719004250166	1.468540846433924e-4	3	1
66	2.376435708435838	0.1981260655620254	0.8941101910713906	3	1
67	82.43553116852661	1.4419430492701328	0.003030210683701596	3	1
68	9763.043919683512	2.8923118244946804	2.010252964671899e-12	3	1
69	508.6557263605301	5.282696212823297	1.9489435041171767e-29	3	1
70	699.1562566202518	2.5246334109959325	1.0996710730422955e-10	3	1
71	15.021748588461888	0.08523944478224554	0.9179794101936876	3	1
72	31.10132938401835	3.4654847405223568	1.4240688627398204e-8	3	1
73	252.92455841313475	0.9058223238750776	0.07234050003072397	3	1
74	2287.8252678549734	2.1223168353131436	3.508167419902172e-7	3	1
75	32.861149977220734	1.2599016381175254	0.19449715435725248	3	1
76	321.1167552244417	3.8746688958847475	3.4867569578327515e-18	3	1
77	63.441577448608584	-1.6785324336873468	5.511482228378152e-4	3	1
78	20.33494169995575	2.225545100074914	0.005855318141850312	3	1
79	61.45323107420883	-4.127274072420803	1.75498126709012e-18	3	1
80	2321.654496718798	3.193743289546973	4.6117450057383164e-14	3	1
81	761.1084481603175	4.30191950822348	5.593565599107913e-23	3	1
82	2398.4539315247603	-2.580448423648677	4.346862033918944e-8	3	1
83	179.8434152168793	1.3368689412814436	0.003167738839521371	3	1
84	3433.9153993930704	1.1609372575207009	0.004198718949245702	3	1
85	108.33277523664631	3.5066582356596316	4.717613893329877e-12	3	1
86	6.754491829451521	0.21749329008836693	0.822394576427435	3	1
87	409.5235636984785	0.23779802713663661	0.6027477933709404	3	1
88	169.46815501394408	-1.6635341331797195	1.1599194391462762e-4	3	1
89	359.5902769973231	1.9124300087442374	3.1234924307114706e-5	3	1
90	2186.6313726021835	-4.657575163108522	1.0646195510236925e-25	3	1
91	360.3260648628084	2.775037617937515	2.5242934332752947e-10	3	1
92	482.1490787296449	-0.6381196156414637	0.18122535566032574	3	1
93	597.7122439122318	0.9189312271945458	0.015483732835140969	3	1
94	14.266413849350794	2.0719332558637964	0.0044318729594266006	3	1
95	45918.33079349742	2.2675972850911976	5.224503051353316e-7	3	1
96	52.75779355952226	0.11991176526484765	0.7973739787774284	3	1
97	1.6396624821876835	-0.6321265416371681	0.6735766705565929	3	1
98	11.82874025412277	-2.4511694284149037	0.0052568369341449575	3	1
99	208.01540324751167	-1.8484224488730385	3.9785454903969026e-5	3	1
100	37652.37026182805	0.1921625777330697	0.6565104986199795	3	1
101	100.13870658814659	0.024931478261717804	0.9571617529173677	3	1
102	39.927258247991304	-2.918618684021022	9.243945763268221e-7	3	1
103	32.88411288115471	0.9650592690224105	0.06977369928485784	3	1
104	0.5277707301273279	4.699973377565459	0.04534727046479089	3	1
105	1511.338438990478	0.4822335466388607	0.2740214746948397	3	1
106	11.599965184750152	7.121429038403756	2.851517810233548e-10	3	1
107	6.89206636751367	1.5291605943688498	0.28730137299127473	3	1
108	294.11840511211324	0.2999225142103202	0.48477819551895673	3	1
109	197.5492882844855	-1.0118240094584403	0.015847818326411946	3	1
110	112.19776574533174	-0.3955391302124975	0.4050861590210174	3	1
111	577.7904813845248	3.457007208367944	6.535803824642381e-18	3	1
112	1442.7114663452373	1.6354125498965852	2.033666436704649e-5	3	1
113	21.042830327705207	2.815656804584062	4.0397413674961764e-5	3	1
114	16568.504811123727	0.1556492977754607	0.7112477118191791	3	1
115	606.4200006048151	0.422736826516171	0.33084983113958616	3	1
116	374.14048729584846	3.0336686816886984	4.3319321715720566e-11	3	1
117	2423.3859800249243	-0.7214141606504026	0.1089433734886279	3	1
118	17.270319707753565	-0.9806535132152794	0.2312359457519833	3	1
119	6543.364653115795	4.274962467659587	9.94660293817625e-22	3	1
120	1253.5655307415632	3.039831708589609	4.3240139544255525e-12	3	1
121	65.0684474512017	-1.0954142787232126	0.010615168249265726	3	1
122	110.36813099089977	3.453600829884691	4.118525543852499e-12	3	1
123	8171.1659303397155	1.3034247369924308	8.305348310410342e-4	3	1
124	1886.4644708143137	-5.1005306368491645	1.7713967550267025e-34	3	1
125	25.587484175951065	-0.060756336770050705	0.9083836457211729	3	1
126	6595.6713914245865	4.269892181098743	3.9992077232439423e-22	3	1
127	110.20708911069147	-0.27690604055820967	0.5426737421916857	3	1
128	464.0367833705745	4.434941813647346	1.2274483005526789e-20	3	1
129	83.84196071923994	3.2371417234895694	1.6242052805794495e-10	3	1
130	4098.86637568574	2.6951488317647865	8.823103204525588e-11	3	1
131	2755.606621601272	0.8235273879428275	0.04114326503043529	3	1
132	250.81020522423609	8.046358339569839	1.8409795159555613e-48	3	1
133	28.32538321063847	0.493893261488945	0.44579015061841853	3	1
134	23.52001692182319	3.173819491881309	1.85699712268942e-5	3	1
135	7483.505222766269	3.5812512743894716	1.054246557374532e-18	3	1
136	44.18193282611358	0.2919830960971041	0.6986562502873134	3	1
137	96.83793692451982	3.1909419278562896	4.79150156575513e-7	3	1
138	12423.827386716475	-4.068968968131096	1.660660046728635e-19	3	1
139	1867.5935973876606	-2.0861352587916384	1.1960255646706058e-7	3	1
140	252.27453245241406	3.3096325217395006	7.856940664627345e-16	3	1
141	481.8299646446545	2.516412153671636	3.2866250558823904e-7	3	1
142	1626.927703103771	2.289076756226052	3.307601475755537e-8	3	1
143	495.98081355151965	2.9393998630433464	4.020422750396374e-14	3	1
144	8329.98611492258	3.2972497387311894	1.472730603170624e-13	3	1
145	9.225809644095243	1.9338002117919815	0.026778140010174922	3	1
146	599.1432485705626	-2.2598015003108585	4.397018730239486e-8	3	1
147	83.52976854866797	1.6761900680614445	5.147117166310391e-4	3	1
148	136.6755459906762	-0.4785447149019807	0.3376833530522672	3	1
149	1225.8961554454334	-1.7090800093251706	3.867294318056207e-4	3	1
150	43.25262488768553	0.8095284930365567	0.12782433104440652	3	1
151	104.35133162395523	3.192574008819557	4.046752451613681e-10	3	1
152	283.2945440425732	2.3937042680853424	3.3540608265195796e-7	3	1
153	166.96086075251142	6.075252335350153	2.1664736007940013e-29	3	1
154	328.52152977634336	-2.3619563664980316	1.1280894467995873e-9	3	1
155	2381.3884653103632	4.5335932852965355	8.324647509081644e-23	3	1
156	41.405803413198306	-0.006040496347249902	0.9919936561428968	3	1
157	20.42802413854607	1.9065026785440775	0.09830123652600396	3	1
158	18.93209158547965	2.444451720290668	7.534885574254469e-4	3	1
159	55.7056340919153	4.552019217311199	1.1796737314695056e-13	3	1
160	17179.353518346263	2.7232959881740944	1.6132189871383972e-9	3	1
161	186.68170886414683	4.153321916120598	1.5261788640828062e-20	3	1
162	17188.155192090802	5.457811939832186	1.1387052077718471e-38	3	1
163	11.92463214955965	1.2566652804163971	0.18494662316828303	3	1
164	356.76886193598847	-0.895975488618952	0.03700473546185317	3	1
165	13942.925622076205	-0.5577793125056847	0.21104898616377096	3	1
166	120.9867950363873	2.0887049103872344	2.6272615395803833e-5	3	1
167	12.97216871763131	2.503908255431954	0.007232925452109915	3	1
168	313.9262204943286	-1.9496046739871156	3.566982448634223e-6	3	1
169	801.2192554476167	2.188875502218632	1.4091243035023928e-6	3	1
170	10.584946460884204	-7.203460255089539	1.6434271300428165e-13	3	1
171	668.3197686057094	1.5806361888610487	1.3076944608869122e-4	3	1
172	13.501087776614254	0.8307641074669362	0.23172737554695222	3	1
173	981.9791110398728	2.1644321299922082	8.328432594836582e-8	3	1
174	2884.414676797235	-0.6754057940004871	0.08951191126932793	3	1
175	142.82253000114278	1.9096857484692384	1.8084219309570676e-4	3	1
176	30.032243718364153	-0.6571805666910394	0.19515496255731712	3	1
177	19.382145514730187	0.5145591249861995	0.3715791470988469	3	1
178	21.292236564728558	-0.019383943283371705	0.973709298010199	3	1
179	221.74358840833798	0.42332133385790094	0.34743428794159303	3	1
180	3397.9709873985776	-0.7848795905585341	0.02467509167567362	3	1
181	16328.623488914156	1.0218112283527774	0.029306172876333875	3	1
182	7.0983967167009006	4.535479432324722	1.6473847787939456e-5	3	1
183	17.986957811936513	3.0226045636409795	1.4185547462101005e-5	3	1
184	5638.533240277151	2.089158586031458	9.930360082245878e-7	3	1
185	184.24655184219188	-0.3018843819683957	0.5066689373197779	3	1
186	2139.4101757017497	-1.0323955620766292	0.015417240958596038	3	1
187	469.08925479604244	4.304758638563914	1.310049164350287e-11	3	1
188	242.99018105658035	-1.4780369855197226	0.0019354373835727403	3	1
189	66.20838812083942	1.7312759826912785	1.8906763105241037e-4	3	1
190	161.1424572877994	3.0122661825099755	9.993366871602023e-9	3	1
191	218.01441126056832	0.2952517674342639	0.5415976570681138	3	1
192	8.205163588572665	1.6731136602996899	0.25976115351924456	3	1
193	91.03084231353344	-0.04767209762395587	0.9190196419926046	3	1
194	33.21432062304084	1.4450897673080232	0.04361793271389604	3	1
195	1.9872407731545405	3.6059541650704747	0.051060723667781104	3	1
196	319.75560581629884	0.8255029315529145	0.03126631511942836	3	1
197	4523.239720631393	2.8885714647204295	2.4231852287204188e-11	3	1
198	401.0260959546247	1.3691733369584225	0.0011637621314061974	3	1
199	718.4099327414134	2.931953991311431	8.489677542998212e-13	3	1
200	210.75312732544495	0.3105063119233221	0.6483356442616223	3	1
201	1181.3289845189495	-0.06920734213908802	0.8571603826635754	3	1
202	64.61329522917717	0.1978984798333678	0.8164783538126119	3	1
203	15.903685841550123	-0.9283660528959302	0.12290439687892467	3	1
204	785.4687900616595	4.796594243687543	1.505267458856057e-24	3	1
205	27.197408047955825	-0.03997266182165895	0.9399739026325896	3	1
206	7.346712548036583	4.239524551995	1.0946117137728706e-4	3	1
207	559.5037540485436	1.7008735436360245	2.9687750130303534e-5	3	1
208	232.47154855672747	4.064334827759548	4.046256818350256e-21	3	1
209	29.991596165989932	1.5513204118376767	0.0029461305659761144	3	1
210	615.8618240704387	-3.339731677140657	4.649770375058275e-12	3	1
211	24.087953247403675	-2.4044352313676085	4.4824428059445234e-5	3	1
212	0.8167670793708086	0.17800105651443718	1	3	1
213	43.30848683529118	6.565106996061837	4.194864684597749e-32	3	1
214	3802.7655464212507	-1.1414478366569039	0.006083759485416059	3	1
215	98.18490643079524	2.4253962155046684	3.807427612488639e-7	3	1
216	201.41823289925776	0.42541482000134856	0.3845232551851036	3	1
217	46316.79318580345	0.41850416208307184	0.302187251729345	3	1
218	7814.86067315517	5.384564043543548	1.0292434677199456e-31	3	1
219	362.63847940651374	3.413459265959137	1.1088891659834526e-10	3	1
220	231.36797270568698	-0.07546633391505359	0.8519171178531062	3	1
221	430.5586093959427	-2.8746211619848223	9.842309116479226e-10	3	1
222	20603.60363539074	-0.6097775008239124	0.16450335403860114	3	1
223	3357.535393909441	4.0725120856534955	1.1721507867242619e-16	3	1
224	190.4134099377959	1.8867844475087758	1.3790630264528234e-6	3	1
225	612.0516532005552	4.94520896582427	5.928279017692018e-28	3	1
226	318.0142682506373	0.5889389348833514	0.16436538965429048	3	1
227	6.674247614773214	2.9390202739567055	0.015433795843251668	3	1
228	2359.1221982452957	2.703340752994483	4.135226336861595e-11	3	1
229	57.81263699799343	2.324820369339412	2.9325458387439955e-5	3	1
230	25.833998254589275	4.293175486610312	1.0258119177774328e-10	3	1
231	906.5209553362527	2.326338175537648	2.075258270985661e-8	3	1
232	646.8142564349795	6.089567945407289	3.080510471280227e-29	3	1
233	5879.108376347736	3.1896862701157507	1.4728181346221628e-12	3	1
234	187.3183253368086	2.0656972573544046	1.1329830266899257e-6	3	1
235	3650.0393650153073	4.720857942202337	4.873146323662844e-27	3	1
236	1.6922989382191311	6.176559042928656	0.00485015942763246	3	1
237	215.7047855845866	-0.4009834848662777	0.31350858597463527	3	1
238	136.1549968181069	-0.23083839489668448	0.5953615395042865	3	1
239	131.7083820870749	-1.447410218969567	0.0020334977602800325	3	1
240	101.17359357009643	4.536248919866464	2.9401750036888544e-18	3	1
241	2480.7994755016834	-0.7717527188448189	0.07286977525764578	3	1
242	173.62263800544292	-1.9883859760918756	1.0205688687463635e-6	3	1
243	61.24432400287175	6.063970473998414	1.377693103094537e-22	3	1
244	1901.1759446239396	-1.627637413791239	3.9831112676967873e-4	3	1
245	2552.035186967618	2.676940510123685	3.72086914265777e-11	3	1
246	13.226929037898609	3.7281006552476157	2.9771119386618724e-7	3	1
247	705.4203367253832	1.5622970340811364	5.615337845939159e-4	3	1
248	2351.2986798923985	1.2707572418191913	0.004735155968768917	3	1
249	33.99446402291229	2.9074017688348897	1.500491841560518e-6	3	1
250	4135.797608428319	5.054904636716551	2.048839185357101e-25	3	1
251	522.6877507298481	3.1211246142169977	1.0010590462171098e-12	3	1
252	7.823718656276109	-1.427422454272919	0.1978386095572485	3	1
253	5220.406385580912	-0.5555945110795978	0.17954875070852602	3	1
254	3.1855745322407873	1.7081294885004514	0.3088585854015393	3	1
255	10714.923019803811	4.528889165425257	1.7087960644880234e-20	3	1
256	158.1834462173828	2.686335441015999	5.3695834534361784e-09	3	1
257	2102.297687915359	1.6406477879518406	3.6288324553560875e-5	3	1
258	43436.99323881391	2.398491248339874	1.6392917029055146e-8	3	1
259	1538.8868035075213	1.230067555264849	0.005699065382397886	3	1
260	5691.5877299336735	0.390706524246747	0.38112094385433215	3	1
261	657.4264019213374	-1.7114128477294304	1.886241965157247e-4	3	1
262	1040.6785130732492	1.5430877065007567	2.7200922307974427e-4	3	1
263	77.25079616085536	-0.13869595081260236	0.77461520937851	3	1
264	13.664143376316257	1.6418269101024152	0.020866961314275897	3	1
265	4964.963087790165	1.7020642407557613	1.5230740791412157e-5	3	1
266	7991.622906028218	-1.474067938025738	4.2936529141803474e-4	3	1
267	1914.039046182376	0.7383326340619477	0.0654702421654427	3	1
268	926.4599419000767	0.6667781203511218	0.1045688948441582	3	1
269	976.5249320996588	-2.5760211527401844	1.570682216822467e-8	3	1
270	7.1423483192277075	-1.6024508690751922	0.04682137568447683	3	1
271	593.0255676013411	2.0344190938545164	6.122948517581664e-7	3	1
272	168.87760969527338	0.7094109899894576	0.07327288959321676	3	1
273	382.48663406763103	3.918862369148861	1.499258605186447e-19	3	1
274	218.27227021773655	3.0236154932050034	1.6796394256334996e-12	3	1
275	183.81930955333237	6.05814187977783	8.274001137859939e-32	3	1
276	1389.261990022116	3.558932962269569	1.0832137593295176e-16	3	1
277	72.90494250668259	0.045730091083657845	0.9238937499797982	3	1
278	53.3091665688286	1.2954149013950191	0.02861814142497059	3	1
279	43.06771030815236	4.7415383845581625	2.883449323698567e-14	3	1
280	239.12292771076497	-0.5446021070867151	0.18795751311756656	3	1
281	315.06745900890564	7.9401634836012365	1.0868670579373068e-28	3	1
282	715.8399854581063	-2.7174427304015847	2.1532586171769313e-11	3	1
283	128.36925588297916	0.8075097254424344	0.0637802856376739	3	1
284	26957.54219762852	6.5818047914811535	5.0070667686910935e-57	3	1
285	803.3541651789674	-0.40995527882365196	0.34293056835995117	3	1
286	150.12063865734876	4.942968509204792	8.832946259714702e-16	3	1
287	700.2576901627746	-0.13357042301419764	0.7664104735830081	3	1
288	2990.0025221932947	1.6597778387016617	9.012355763936504e-5	3	1
289	61.62832156397292	-0.2063573463715718	0.6671411722564081	3	1
290	4318.983005703739	2.360030171493122	1.4064245092207418e-7	3	1
291	7722.568716801981	1.6834942420849126	3.2670488462066385e-5	3	1
292	89.67616745951321	1.7948568809657974	0.0015334795902838122	3	1
293	87.20163690435946	-1.6793743125006235	3.6438585705405024e-4	3	1
294	214.2433133784348	0.47447152606942056	0.24944151395517422	3	1
295	1.535705274645728	1.189661825039339	0.49280988007497145	3	1
296	47938.51272581483	0.3536720585432162	0.39077124175450745	3	1
297	29.586505960867292	1.9696639136782965	1.944774206882508e-4	3	1
298	1388.1343081728035	-1.1388511121323088	0.0058906633669243876	3	1
299	60.478883014698184	2.069552444849415	9.891238576176025e-5	3	1
300	1633.5679240330087	-3.360853494976842	8.642064965924242e-16	3	1
1	884.5691481624385	4.224414327656634	8.075121014979587e-10	3	2
2	2661.029151055377	-0.39252234480354353	0.5702547855354407	3	2
3	44.64985152501475	6.039983417655406	6.41845573596805e-10	3	2
4	721.2312553332063	3.1547071358217535	4.929113739343109e-7	3	2
5	132.7405788614916	5.773512618743388	4.440702447910187e-15	3	2
6	2505.8792988977166	3.036052233034223	7.337754769335712e-6	3	2
7	1993.2851496380176	0.031567161077295444	0.960258308284432	3	2
8	136.54480182801385	6.426405354631903	1.6171677210832515e-12	3	2
9	119.50643748653467	-1.7704426070919397	0.009759848959936621	3	2
10	3984.2273471936696	-2.916648610860402	2.6956876657271492e-5	3	2
11	1756.520881319388	-0.8034181028819259	0.1916411878683998	3	2
12	91990.01457674726	4.459184315696121	8.678573117484602e-11	3	2
13	648.6935539771131	3.474928638427212	1.5109352771735085e-7	3	2
14	1222.21436546091	1.5394154050147328	0.023640313862608568	3	2
15	135.45326060281792	1.9063345460199992	0.0016697518533103186	3	2
16	13667.389355497104	3.2810627655028783	4.341685005751971e-7	3	2
17	88.93484572178876	-0.65319682689442915	0.3582779910785387	3	2
18	14.498966544402261	4.303458933369005	0.0012983445819826865	3	2
19	23817.849129636073	3.9661008726307063	3.5897742361859504e-9	3	2
20	154.03883913091855	5.193477800761756	1.0645087885798475e-15	3	2
21	565.3335879606001	8.264569428586434	1.2369347008646439e-23	3	2
22	326.3172459767341	1.0849952305254609	0.11416006583154045	3	2
23	28.01458010820875	-0.4643187001167304	0.5470517899577177	3	2
24	454.9625792812528	0.13677160025743276	0.8482175073735736	3	2
25	37.47875892243763	1.8373802607150356	0.006993257462620455	3	2
26	6675.364794014878	4.107462472464158	2.6079753796590517e-8	3	2
27	1295.2063711628862	2.726281529983301	1.700424985112274e-4	3	2
28	1.2191754039385467	-4.035767554242634	0.07579544731173073	3	2
29	59.926200927057295	2.520900855551257	3.0855904928163484e-4	3	2
30	4.273342792546773	6.026401665562631	8.465691831752106e-5	3	2
31	529.8155937328786	2.1512241038023108	0.0012115001572817936	3	2
32	156.30740581747457	6.427144483009189	6.147236985118565e-16	3	2
33	56.568896986921594	3.92197536286118	1.9943069532246021e-7	3	2
34	96.5560819097261	3.472689620452947	1.1581557951375973e-5	3	2
35	15.371169420914576	2.81697602858893	0.0201400659475785	3	2
36	25.7167766410856	5.366062049586964	7.0150521205450085e-12	3	2
37	12.040135790160972	3.9943368802973382	5.316073110702307e-6	3	2
38	210.09839558429763	0.7605190759749934	0.26521835861938525	3	2
39	303.7320010275597	4.961541978950127	8.358110150721537e-14	3	2
40	38.08479649337635	2.32485115616421	3.371453365345315e-4	3	2
41	1370.9169975153845	-1.598770502423765	0.015206690493685936	3	2
42	149.86229322347808	3.657000045039326	2.7526816392190156e-7	3	2
43	728.3703188673405	5.184922401683132	6.666402390706062e-14	3	2
44	113.70884952141097	0.011901290397735588	0.9856952771041193	3	2
45	1.5642882381530547	1.0959885489398373	0.538696748423967	3	2
46	9701.906685672535	-1.9514641959271035	0.0019070149388111326	3	2
47	273.19886564828624	0.4777463795121241	0.4290882883477295	3	2
48	121.84861143068917	7.434014359592208	8.268479307699331e-16	3	2
49	1956.1355602233634	4.139099888068174	1.0429318333238204e-8	3	2
50	2392.465128029142	1.6168581030581783	0.012822349891526606	3	2
51	31.421331267389387	0.5885670921678676	0.4184472069824342	3	2
52	339.83524628832015	4.147455075453534	5.2945668785911536e-8	3	2
53	68.43200829986634	0.9821766211348193	0.162413999897651	3	2
54	14.668259353450853	6.857020627177158	1.5868338392916571e-7	3	2
55	2767.090950644908	8.04704401337606	1.8958060230741826e-29	3	2
56	3.675822848412498	3.5035146143057108	0.009835485338865945	3	2
57	17.234740555880276	2.0614096117195095	0.01949248133163751	3	2
58	87962.00648772177	2.3412868036304353	1.666865955694723e-4	3	2
59	544.1990804044052	-2.5313342560207017	6.483190363277095e-5	3	2
60	899.6652777867147	5.389051585547402	3.0386780471551876e-16	3	2
61	38.152942950615014	4.416872008129078	8.493941616092494e-9	3	2
62	3502.102257646111	6.124891215815242	7.466894537473204e-18	3	2
63	585.6448250738556	-0.7363148173809924	0.25454497375390317	3	2
64	1535.1255824517696	6.493323292060772	4.414111449048142e-22	3	2
65	13.416898547906227	4.335990222461193	2.1601971435453328e-5	3	2
66	2.359440300664834	0.42719940013105523	0.8058831987347272	3	2
67	88.94097467965139	3.690021640272727	3.116856604274046e-8	3	2
68	10752.980089567827	4.818966765199063	1.1378544377465851e-13	3	2
69	702.707910692152	2.1822976063090516	0.0014967560543690745	3	2
70	785.1853830935468	0.7052563499295118	0.2994090507826568	3	2
71	13.98265197553204	2.029019004482406	0.037205875430806966	3	2
72	33.282642026518474	2.4450246587466133	0.005209510210362009	3	2
73	217.35596584915814	7.0663167647697005	1.2978582026211546e-19	3	2
74	2252.504565690184	3.44831289116729	3.7699903782944696e-7	3	2
75	30.5307805837	6.7284713881993525	2.5507558255808286e-12	3	2
76	386.2421086949754	-1.0170055543192564	0.13154252134582692	3	2
77	55.89608945174748	4.825695081201763	1.7041636091212699e-12	3	2
78	18.619921578982744	5.889545668598835	2.2708335910635566e-10	3	2
79	53.30155152480702	-0.12579657469622318	0.8467775128384227	3	2
80	2575.54870756924	2.5017617907263117	4.88846280643869e-4	3	2
81	825.3948025474851	2.495596638861518	2.0932796197403024e-5	3	2
82	2631.46074159052	-1.7837210667687289	0.011333040783691597	3	2
83	210.1701231117025	0.8935029984897401	0.19414889349366826	3	2
84	3647.950191737975	1.6456820553894103	0.008645540377588442	3	2
85	114.02101852443042	5.648469967768264	3.9994909926277813e-14	3	2
86	6.174294880826806	1.5693383837361718	0.16759113665436381	3	2
87	376.2236162881599	4.244386556315068	3.867283380228543e-10	3	2
88	145.6066539716785	-0.23374845870782388	0.7234577135026294	3	2
89	374.01758264883136	3.007245519619023	1.6128537844895657e-5	3	2
90	1773.9127413422648	-1.385811624901004	0.033319965794346235	3	2
91	438.5196839206953	2.2810040990584888	6.145233026411241e-4	3	2
92	492.1341791521312	2.611909427045071	1.756142119855061e-4	3	2
93	657.4523323200938	0.2715056289339153	0.6816147265556871	3	2
94	17.847585421750555	2.236875330207241	0.010719231395116565	3	2
95	47180.150937958715	2.759614587541342	3.91709760963672e-5	3	2
96	50.39375747830395	1.9926673335692349	0.006865304626854469	3	2
97	1.557166419284448	2.25441742882638	0.2080370601151504	3	2
98	10.576841884064919	0.8554117417854731	0.34932447766823654	3	2
99	211.77470984523484	0.09571607017047798	0.8830465439134827	3	2
100	38247.258026408046	2.3744439428873374	5.527596199370816e-4	3	2
101	98.64324148584053	1.3801177507629478	0.04220561286397011	3	2
102	33.97990285124422	-1.9398562047073633	0.06055427315644108	3	2
103	34.73267795833008	0.8984652048366916	0.22250318711871084	3	2
104	0.9878211209030074	2.3634247800644625	0.2872706752223324	3	2
105	1371.2266315257816	4.980283102121141	4.27954301359237e-14	3	2
106	13.166884568991007	7.924953335297823	7.095287974149142e-10	3	2
107	5.663154068648303	4.984489165469681	9.632847930759192e-4	3	2
108	278.70237321056527	2.8429502786187513	7.440381115256975e-5	3	2
109	194.3170104966174	1.4797417557577093	0.023879934824981654	3	2
110	111.43908868607343	2.8147785865054766	1.3288729814891432e-4	3	2
111	763.8810928354851	-2.681920691891246	6.548278614763365e-5	3	2
112	1392.9318537155846	1.4142168114920601	0.035214121819291185	3	2
113	21.082089871897697	3.1293943639948525	4.044856555737814e-4	3	2
114	17154.725025701726	0.8063777996184618	0.19036155459280318	3	2
115	557.1238193953648	2.457535069259711	1.2885964088432268e-4	3	2
116	385.0230980016496	5.653553673953873	5.211470668328533e-14	3	2
117	2318.5244664250404	1.8966879149368503	0.003283370756432555	3	2
118	16.765705096781396	1.999041062434791	0.03409328561744591	3	2
119	7192.415482227384	5.898503524498111	1.8460983127998945e-18	3	2
120	1580.030570694349	1.0424456077326687	0.10439680300398377	3	2
121	62.03521442551402	0.36531418744576133	0.5999890782352572	3	2
122	127.43871354837461	2.8148957556217935	4.69035063618041e-5	3	2
123	9669.15802504862	0.6659065381622022	0.2965752602410129	3	2
124	1556.9243617046207	0.7837091591056169	0.23277525672041793	3	2
125	24.547183139662266	0.9078615095710854	0.2350037778154776	3	2
126	7622.40905187082	2.810275766349398	2.485982457752093e-5	3	2
127	99.29143645655888	2.916233016677475	7.159022325304467e-6	3	2
128	545.9519685929977	1.5996923810014878	0.02194650199921184	3	2
129	97.63954226039235	2.988486234847484	2.7047207729973773e-5	3	2
130	3780.2240719884912	5.064771769356234	7.159658607728132e-13	3	2
131	2297.5630542881695	4.972612758088847	5.245722464267144e-13	3	2
132	334.2524281559396	5.847035507161246	5.244850481567226e-13	3	2
133	26.59481607968619	4.676435311742681	1.3757164352577578e-9	3	2
134	22.779380352324992	3.4803112190312153	3.361561714110436e-4	3	2
135	6893.709246049705	5.008694070581431	2.4023954060670474e-14	3	2
136	38.00517893461264	4.3830990647217805	7.611027194462169e-5	3	2
137	122.09740384242637	1.6427885950242573	0.013441072989194692	3	2
138	10674.088761792318	-1.4139033336232925	0.019442347901942103	3	2
139	1834.0541118983172	-0.6102352589783611	0.3469259728010137	3	2
140	297.47439612928076	2.0542034399308897	0.002213317926548982	3	2
141	521.558092205135	4.092068379173335	5.988573947766087e-8	3	2
142	1504.1026427966647	5.201052705672644	7.737644249539701e-13	3	2
143	581.1475743392027	4.335519960827426	1.3238634894938601e-11	3	2
144	9832.647130901258	2.707394430560424	6.240787517840513e-5	3	2
145	8.569175454452404	3.596093725724369	1.8563227594103058e-4	3	2
146	572.2012177715011	-1.9582137983532335	0.0021948140098682774	3	2
147	91.56206735641709	2.4838881173316785	2.5584328582741014e-4	3	2
148	131.2095136387407	0.8649583338099267	0.24934498795359022	3	2
149	1133.2460111471355	0.20614318269097315	0.7510471417162533	3	2
150	59.390141460921505	-0.6611521294319016	0.33580711088772086	3	2
151	106.26333995368829	4.183165151847231	2.2817019307775268e-10	3	2
152	354.7912440620043	0.20218270486666717	0.7502223340975824	3	2
153	232.78570247284262	3.8743706181233355	9.302114152915893e-9	3	2
154	269.2160612590404	1.4514631928273072	0.013795689892996354	3	2
155	2714.6374698718573	4.7771384284541245	2.0254068060065273e-12	3	2
156	36.48736964747405	2.363058443409996	0.0037495836538344648	3	2
157	18.73898332429504	5.725595492717554	4.6833682369973755e-9	3	2
158	21.675756397681752	1.3297922830070559	0.15038514469736272	3	2
159	62.067441099811774	6.314541327830861	7.503398028274386e-12	3	2
160	17647.382406823424	4.145274852616839	6.726055136607655e-7	3	2
161	199.0673071915676	2.1142535463741283	0.0025239264709460783	3	2
162	21355.158669736877	5.259662977203131	7.790994150744798e-15	3	2
163	11.575392016990893	1.8443048946380003	0.05529079807861812	3	2
164	323.214412683872	5.363227843867592	6.472768863925397e-14	3	2
165	11736.022318106163	0.3836967390412602	0.5573465997642166	3	2
166	120.95011226397158	2.0952235325451296	0.005304828354376437	3	2
167	13.050425940978345	4.261041036469168	2.1218536198877893e-5	3	2
168	267.7054193624041	0.3206078317915561	0.6393308773970704	3	2
169	705.5237629397425	1.554036827021563	0.02052352309012936	3	2
170	9.68924442044282	-2.8649191814831396	0.026250665494123252	3	2
171	657.5277868344796	2.8934618584884513	1.1408210905892258e-5	3	2
172	16.729673964756806	2.625587768914155	0.002283234174788296	3	2
173	930.7250723494041	5.239055375084865	1.026377812071117e-9	3	2
174	2562.9200555295683	3.1313001374729343	3.884234980473905e-6	3	2
175	181.19999177892993	2.227523959855962	0.0016521292375449098	3	2
176	28.682560591811864	-0.5652205753586088	0.4715762126113118	3	2
177	21.68645362678729	0.9635845499323195	0.23616579192749204	3	2
178	19.676203381134837	-0.7095492658845747	0.3894817855810786	3	2
179	202.00962489662248	2.4947598304564598	3.727576801455103e-5	3	2
180	3225.641972687548	0.12469673530693423	0.8483505533006717	3	2
181	16927.310614355043	2.03155843288466	0.0032657846888959835	3	2
182	7.388961407209051	5.427541819916187	2.3988030990451583e-5	3	2
183	24.833003463990934	2.999209214577907	1.9485105469502163e-4	3	2
184	4684.806003318874	6.515918517259306	7.66016699679495e-24	3	2
185	212.98509684802548	2.5888246224368667	3.0778505357795607e-4	3	2
186	2106.6174420497186	2.6026566974613985	1.4801411898804332e-4	3	2
187	559.0681020678843	5.309348967932722	1.734134742940381e-11	3	2
188	222.36464450577037	1.8074048095634425	0.0067669682908532616	3	2
189	83.97927299736853	1.1799227149859817	0.0701002732452898	3	2
190	149.21159168519566	6.440175628995484	2.3042732397197034e-16	3	2
191	197.75281269049785	5.772757811594543	7.793731235313003e-16	3	2
192	7.079933485029019	4.271642854845326	0.0014913738456466845	3	2
193	98.46642687411244	-0.12833610947595595	0.8539907668381088	3	2
194	27.85092582405017	3.0814298157314752	1.690406724182932e-4	3	2
195	2.877406127451393	3.0101256839483175	0.07611618488957042	3	2
196	305.65551313717975	4.342518500724445	6.483306868001582e-9	3	2
197	5935.028399953332	0.6770090978280942	0.3047964593664553	3	2
198	507.2197040069881	-0.944560511057401	0.14851153462431538	3	2
199	724.5646418009122	2.3989036612515697	1.4962099258662842e-4	3	2
200	194.1007606342716	4.539949843174734	2.1012576413767637e-10	3	2
201	1121.2051394444384	1.931386953657697	0.001311066101548583	3	2
202	54.01290960305184	5.488222854932798	1.4749112532428455e-10	3	2
203	19.121464217026634	-2.043301276685227	0.017006517138067726	3	2
204	843.3518638925317	3.6319365909538073	3.6040461332585286e-7	3	2
205	27.473080302860016	-0.6221816265783361	0.41249085317220974	3	2
206	7.579592624413286	-0.6566375326293415	0.708053301031989	3	2
207	558.0592051889822	2.743008180978376	1.1742940865995874e-5	3	2
208	273.29728105319566	3.000979046186192	2.3868367459171106e-5	3	2
209	34.687164066384696	-0.21532822414906408	0.7796466424804576	3	2
210	509.765051203847	-0.15943537862536883	0.8172597825418458	3	2
211	22.275694664681012	1.9921187944952028	0.010738364168040143	3	2
212	1.5970728311527747	-2.1183978173136664	0.332086699510662	3	2
213	63.19908585910136	1.6134970146034637	0.021749267756801114	3	2
214	3558.797176234341	2.4890342118993667	2.5081126396213756e-4	3	2
215	118.84852473820023	1.9172675333938882	0.004421347501625806	3	2
216	192.51947516147683	-1.9140256279515788	0.008870179605392174	3	2
217	43952.42495492135	0.07914673628026457	0.9078388041352825	3	2
218	9895.861078496946	5.071324087428054	1.0807294478228317e-13	3	2
219	323.098947182285	4.15602017337012	6.012101488003659e-9	3	2
220	214.0370570251635	1.9468592305513106	0.0019244416615179572	3	2
221	353.5979776133924	3.163213657656571	1.6772835969292682e-6	3	2
222	20575.98980678079	2.3832250900461602	2.8593450288106546e-4	3	2
223	3678.973271517739	2.58973656555031	7.709397900651666e-5	3	2
224	197.34559605047866	3.2876067636952473	3.710863136716726e-6	3	2
225	600.7971472981523	4.832268231254085	1.3601965317865403e-12	3	2
226	323.1074420340283	2.8696987974684705	9.172157946701687e-6	3	2
227	7.34531602991396	4.824646426351891	5.6162994446534493e-5	3	2
228	3241.7940498753796	1.0413428856936724	0.11540379664621095	3	2
229	56.10082677914984	3.8982415390235126	1.3438050639547997e-6	3	2
230	30.65853814694352	2.89816054951403	9.296942624341085e-4	3	2
231	942.4309022806101	3.814057208167285	2.8895464942979636e-7	3	2
232	608.9504480093276	7.165654397490382	1.198712421339506e-19	3	2
233	6331.133543948709	5.27955739935334	1.5703537032429093e-14	3	2
234	202.37979527671993	0.8075087951549049	0.18866357687635182	3	2
235	3737.3731090311753	8.100327766869217	7.980696648612475e-30	3	2
236	2.4769354890448865	3.7648811854459416	0.03422186252398333	3	2
237	204.91552393159756	2.18248045447915	7.064927106884748e-4	3	2
238	143.53039789632527	0.048628244014994805	0.9420079881914718	3	2
239	121.56400659047426	-3.325336716791104e-4	0.9996077533324859	3	2
240	112.91748598729488	4.237753790428304	1.7846456882451357e-7	3	2
241	2272.5776943497694	-0.2670440202964577	0.6873273974889723	3	2
242	155.31309404323412	2.5919067619511673	5.9179834609759034e-5	3	2
243	70.12717650448272	2.873975990630189	0.012628703324147826	3	2
244	1700.7699625960242	3.24386543476479	2.378816790691896e-7	3	2
245	2911.0586708503183	4.868462223669271	4.837883000683308e-11	3	2
246	16.49706074474931	4.183761879171591	7.101036392857967e-6	3	2
247	756.781066173983	0.9506339982997396	0.1448243159741871	3	2
248	2190.463736055877	2.5249409780718537	1.6814978563011552e-4	3	2
249	33.087139248712596	5.612291581395821	3.590638128002768e-7	3	2
250	3980.12419260801	7.3549584862040485	7.785137048789877e-27	3	2
251	632.8625931775338	1.936602017129092	0.005428348696498891	3	2
252	7.820181290352311	2.473629219379613	0.020709808516591786	3	2
253	4711.341036693162	2.0402455490026354	0.002321523845459696	3	2
254	3.3076037482342913	4.78620957134054	0.0019437387133012284	3	2
255	12264.038549380912	3.2747418276079734	2.5732384083085065e-6	3	2
256	218.42366761589483	-0.020176849754795185	0.9744773450166699	3	2
257	2160.03802981559	2.433211103216267	1.7953097492955582e-4	3	2
258	44779.261577041514	2.347253891158659	4.2520990448554756e-4	3	2
259	1583.3377274338359	3.6035014252667805	1.0436593052885657e-7	3	2
260	6589.649505430348	1.265621099133579	0.049013761622979116	3	2
261	558.0374618678173	-1.9627932038916596	0.002694972740365757	3	2
262	991.5839617520423	3.994303957786486	1.792578299459886e-9	3	2
263	78.71725760122477	2.383928677614116	7.73511521638825e-4	3	2
264	15.92286427245141	1.4428616372700653	0.10804436150997215	3	2
265	5196.912739263264	2.1578931467622664	0.001469715272060825	3	2
266	6328.907162983053	2.335417038089881	1.3799562147816366e-4	3	2
267	2021.1098933393635	0.5139890164808979	0.44403976937799544	3	2
268	869.1112317813295	3.978789635457417	2.5473593452936115e-9	3	2
269	836.8552058257583	1.0534706326738674	0.11385365773130883	3	2
270	6.500671476409322	-2.0109172356244507	0.06647235275241328	3	2
271	631.9789312228985	3.1423696390017284	1.5374812848907631e-6	3	2
272	169.8719867148032	0.8855185131911363	0.23163824837855454	3	2
273	467.46155185094636	2.870906033237088	3.582843210129231e-5	3	2
274	265.73020865833416	4.202083557878519	3.953335753266472e-10	3	2
275	220.41454701279744	4.706710190700214	3.3655430886600715e-10	3	2
276	1455.236752947226	2.107100196567503	7.97442158354457e-4	3	2
277	73.74391360082511	3.105007165098045	2.1505554456960882e-5	3	2
278	47.17721425753878	3.2558885544406317	4.860301349113336e-5	3	2
279	48.13132594716131	8.676962890192568	3.29761605536457e-25	3	2
280	267.7943463207621	0.9630837894250891	0.13146738420999143	3	2
281	379.57936140300563	5.0831100711791475	1.1513048350625908e-13	3	2
282	549.9085346604136	2.221277765662635	7.723419565453752e-4	3	2
283	125.06860084758597	2.276062002746203	0.0010601044386919002	3	2
284	35972.68793745342	6.310861085164115	2.420336477974167e-19	3	2
285	813.0144887130027	-0.36352637579036307	0.5591734992796922	3	2
286	144.48554007697263	6.004610504489724	8.208364596831358e-12	3	2
287	592.7147953691959	3.793396786126669	8.84967119467317e-8	3	2
288	3202.3789845504016	0.6454101162821466	0.3189271602218264	3	2
289	56.5192310145016	1.999544171369495	0.0020164509630665526	3	2
290	3820.6834200552994	6.222788647524422	1.878466953731093e-18	3	2
291	7583.178030010679	2.250054021006546	3.519859696752794e-4	3	2
292	74.99460579159836	5.284292969217429	1.925406281479955e-7	3	2
293	81.2481073051491	-1.267617487106255	0.08510970345547059	3	2
294	197.890129859088	2.1438935209082604	6.091022257717373e-4	3	2
295	1.9051456794209451	1.881627968423862	0.29401994315537383	3	2
296	43589.70272420795	3.56734260011681	1.0956664860874047e-7	3	2
297	32.601901796180734	2.1852449279130353	0.006258615447339754	3	2
298	1340.4696660999753	1.1305061190689782	0.1063199818641213	3	2
299	60.052982858995364	3.363114401976486	8.584817636736599e-6	3	2
300	1486.0615205339323	0.2338241831497235	0.7141854431722882	3	2
