condition	gene_name	sup_latent	pel_latent	ratio	p.value
1	1	583.60184854326894	871.002329825642	0.6700347732251127	0.99775
2	1	944.0906477594145	415.37905458056724	2.2728412454805134	0
3	1	1455.9396518350936	71.67977989302031	20.311720460191637	0
1	2	3358.158089948741	1069.282061947772	3.140572735159908	0
2	2	3387.3539200168652	783.4371309190219	4.323708675951167	0
3	2	3194.9654322737215	1951.5745359246625	1.6371219102630565	0
1	3	32.67537107785485	30.76726949108479	1.0620172546453288	0.36475
2	3	43.66355586561861	30.961483146099404	1.4102540133359032	0.011
3	3	76.8745788813324	1.7278797711774545	44.490699042646135	0
1	4	918.080928831565	257.4325427703942	3.566297092634506	0
2	4	744.2151744477637	453.9586308774792	1.6393898558757065	0
3	4	1186.0915615205413	166.15853409441922	7.13831262405425	0
1	5	97.99664554772494	107.10827500853658	0.9149306674943142	0.72475
2	5	103.57239884114824	102.90188978897464	1.0065160032876814	0.4835
3	5	228.02126055459576	8.405476437020134	27.127702071749866	0
1	6	595.235994423632	3425.5579782912077	0.17376322286641233	1
2	6	2156.7748236760326	2091.2418349582513	1.0313368772670377	0.39825
3	6	3410.727772693374	798.1884228788101	4.2730859969028	0
1	7	1727.2908923558134	1528.6971862147752	1.129910428260013	0.179
2	7	3190.304839137961	316.67524082332716	10.074374083819926	0
3	7	2886.074599875551	616.3248233032325	4.682716792757833	0
1	8	175.0089035053278	18.959214776129066	9.230809691848412	0
2	8	159.37489043246197	34.80237775583714	4.579425335549988	0
3	8	235.66067269923326	1.3152626081984473	179.17385564699083	0
1	9	123.4040267187334	98.69783367657948	1.2503215331261783	0.067
2	9	208.42343564883004	19.140023013512234	10.88940360738803	0
3	9	137.73013795669183	92.37616906861214	1.4909704455744766	0.0055
1	10	2921.4234155928048	5291.7068104638465	0.5520758273712307	1
2	10	6537.5425075060775	1034.6882915038552	6.318369079062609	0
3	10	2588.2848605363774	6188.544918489852	0.4182380340818434	1
1	11	2529.610163395571	409.08408202852803	6.183594704667988	0
2	11	2854.9200661304644	192.37865054552532	14.84010859851033	0
3	11	2454.398772254177	620.867118686152	3.9531788661123706	0
1	12	90191.74141417356	59095.107848675405	1.5262133313154649	0.00275
2	12	86453.83134491951	63158.132072554195	1.3688471857528006	0.00375
3	12	151120.13119065206	9788.705525543319	15.438214051521811	0
1	13	709.1057943632463	195.5199585129621	3.6267693577494073	0
2	13	717.6996599146012	347.7357281684182	2.063922691219693	0
3	13	977.843803895418	91.40987005575238	10.697354709059482	0
1	14	1105.258608120637	807.6964224521389	1.368408448269598	0.012
2	14	1452.8998862261915	539.9059403433266	2.691024079680048	0
3	14	1832.9059919460324	478.89859388233486	3.827336340846255	0
1	15	162.3438961836411	77.59150153028403	2.092289657782665	0
2	15	130.4809070479306	123.33991971393775	1.057896805434566	0.3385
3	15	181.5878137971271	95.6192299401778	1.8990721208561685	0
1	16	19745.17410434586	2168.6131111796526	9.1049777401766	0
2	16	15576.998042991872	6628.611790541034	2.349963843895656	0
3	16	21835.36592843602	1879.5453682182797	11.617365719208424	0
1	17	122.88056534168248	42.05563109530645	2.9218576000728795	0
2	17	130.52597970509527	19.269915725903424	6.773562560506521	0
3	17	111.98905130579286	53.14232911708372	2.1073417963871597	0
1	18	6.696611836222049	17.413163470117453	0.3845718124517716	1
2	18	21.289243723384608	2.871679498539249	7.413516631718098	0
3	18	22.56717531709683	0.46063989606780886	48.99092655616354	0
1	19	16640.887871781688	18940.12670341701	0.878604886459365	0.84375
2	19	16264.099338102378	22227.926821484787	0.7316966385898855	0.9955
3	19	37937.46222673236	6599.550963041813	5.748491441188375	0
1	20	81.45431344840728	143.9116170943829	0.5660023498657952	1
2	20	59.508408222795396	205.07528916498984	0.2901783460362156	1
3	20	234.87370566666692	43.68123432882898	5.376993330787214	0
1	21	681.1636106801213	168.9118871317166	4.0326564473757465	0
2	21	454.8834134223232	357.88382788833064	1.271036515134903	0.01875
3	21	952.2146357463165	5.132040353498069	185.5430920564126	0
1	22	328.76320026827136	213.47465251946645	1.5400573154149622	0.002
2	22	503.82744326110054	25.681629153174722	19.618204135574405	0
3	22	557.2431301524354	29.285722522605454	19.027808848571283	0
1	23	31.0305963284187	12.207371135635082	2.5419556744560587	0
2	23	40.57599589337639	9.995852638141303	4.059283120936581	0
3	23	32.80266252478977	23.119421972450755	1.4188357547986112	0.02675
1	24	121.74788409651092	628.2173250004637	0.19379899160918723	1
2	24	696.5588919654299	54.856185169362725	12.697909812993325	0
3	24	681.7027519753308	98.1517259711315	6.945397497908839	0
1	25	30.752765740088222	27.989490358407952	1.0987254625324105	0.291
2	25	38.22655592598251	30.93853981997676	1.2355643203723512	0.09375
3	25	46.746388008694424	22.44977251941934	2.082265553838383	0
1	26	6600.972354070293	4204.489457331174	1.5699819017408836	0.001
2	26	8673.256080190993	1989.3899955949255	4.359756558239483	0
3	26	10883.564811384986	249.7003923007317	43.586494643056646	0
1	27	1352.155893753166	617.5270951163766	2.1896300655412446	0
2	27	1250.0491235229517	764.1894397693452	1.6357843467455573	0
3	27	1912.588723524062	329.07983125642795	5.811929331013061	0
1	28	1.1618958715590617	1.965957457931209	0.5910076369514796	0.84325
2	28	2.5334549936398485	0.24898862879951844	10.174982712482604	0
3	28	0.8715944915337139	1.6238581548976336	0.5367429962432023	0.83825
1	29	18.265260724187698	79.92031476476225	0.22854340323795938	1
2	29	85.81782166825283	14.743293514862089	5.820803986690188	0
3	29	109.73584484673418	6.994978781738867	15.687802389509919	0
1	30	3.365257131893993	1.946415872800364	1.7289507236972443	0.0895
2	30	3.471454749078066	4.031134090143201	0.8611608225998622	0.68925
3	30	6.366508748911844	0.2875253807252421	22.142423506590017	0
1	31	217.04037315221393	589.6647734828118	0.3680741718218656	1
2	31	666.1470302507091	191.44459958276042	3.479581203661676	0
3	31	830.2905671436636	102.9886005479998	8.061965719756438	0
1	32	170.25680032966642	58.312421938965926	2.9197346751927014	0
2	32	141.5504613338689	99.33674360256518	1.4249557233343175	0.003
3	32	253.95397259688724	4.529102540832442	56.07158820259585	0
1	33	16.17220583255715	71.24242828136097	0.2270024509648593	1
2	33	50.50773171315214	34.567682976427584	1.4611257499553674	0.00425
3	33	95.79391892388179	9.31545194522623	10.283335632789354	0
1	34	51.83433646541403	101.40580363595201	0.511157494017797	1
2	34	111.8551234049577	47.85239415821674	2.33750317769108	0
3	34	147.97401976351546	11.04964653155066	13.39174238207504	0
1	35	19.26477291042741	8.26181217574463	2.331785388075721	0
2	35	18.357222023785503	7.4944129617732616	2.449454295809445	0
3	35	23.732543017911134	2.7091560279786906	8.760124102419473	0
1	36	22.54281836736816	15.749135574763157	1.4313686145093185	0.0435
2	36	11.340007648245221	27.508696447593472	0.4122335520277724	1
3	36	40.828656552912804	5.029500236920832	8.117835695323276	0
1	37	5.547791386101789	14.725865209407822	0.37673788991070667	1
2	37	8.233241239987512	10.769599633610559	0.7644890729542635	0.883
3	37	19.252778735173884	3.323923726818414	5.792184273013453	0
1	38	193.2622874221862	97.24413861093475	1.987392661221584	0
2	38	252.0661011653139	65.2451112232381	3.8633714685972746	0
3	38	294.4818944823072	91.40325909121646	3.2217876847085636	0
1	39	81.21781753362012	432.4902352555939	0.18779110119242776	1
2	39	131.50958222099854	359.5022564736877	0.36581017184971093	1
3	39	457.37545325787556	81.47476753477562	5.613706759735834	0
1	40	32.79858731402025	28.672194077225264	1.1439162006814345	0.2245
2	40	38.498466503269796	25.546405224720587	1.5070013242417308	0.00375
3	40	59.85085929717515	16.213911119600212	3.6913277034573317	0
1	41	1390.9449984817147	857.4429163539546	1.622201282385461	5e-4
2	41	2182.4890995926357	305.65169318661435	7.140444984416057	0
3	41	1437.2223368868413	1243.0673122980083	1.1561902743865948	0.16475
1	42	190.81443523306004	46.64093214287139	4.091136829095817	0
2	42	181.12430150308762	59.0690065029107	3.066317045541683	0
3	42	247.51080447210725	13.410189779895463	18.456920337039158	0
1	43	512.107103844771	645.4754734701532	0.7933796478611682	0.953
2	43	563.7493873414879	624.0444461562031	0.9033801851997849	0.803
3	43	1200.638202616	76.31431987230577	15.732803550172342	0
1	44	123.7010610747832	69.75222410304943	1.7734353659036262	2.5e-4
2	44	139.07934873658553	83.12609271558927	1.6731130285701847	0
3	44	101.9722131665029	126.47504572026199	0.8062635011182003	0.913
1	45	0.5526225832625702	1.6624645098796225	0.33241165749913365	0.97575
2	45	1.439421629860764	1.0070323508342955	1.42936979995553	0.22
3	45	1.4736549065670779	0.8451600296219502	1.743640085802757	0.1555
1	46	13019.784258956308	4696.442420484565	2.772265279388428	0
2	46	15483.570076731154	2268.623956942526	6.825093259439391	0
3	46	9345.72490492256	11481.964206739574	0.8139482702303579	0.926
1	47	102.90338171071161	400.4685014292994	0.2569574918962226	1
2	47	287.3107992696745	207.71854528148455	1.383173557663484	0.00425
3	47	259.02831384818967	281.12205947188465	0.9214087088533705	0.705
1	48	80.43716321779428	88.97877622137521	0.9040039280566212	0.7395
2	48	121.31537285461725	60.16428171104277	2.0164019149646157	0
3	48	198.64304582414889	1.29725771903508	153.12535274170702	0
1	49	1624.592262356946	1370.3259486768889	1.1855517031736593	0.10375
2	49	1919.952952154676	1218.2765627027563	1.575958210913329	0
3	49	3198.55124440275	216.4609438397314	14.776574414139905	0
1	50	3068.3590367222455	851.840901093283	3.602033000275291	0
2	50	3058.035594939793	713.879819452994	4.2836840482239635	0
3	50	3790.165614138089	583.619815315574	6.494237369388626	0
1	51	47.23705560913519	11.076596143519188	4.264582277541386	0
2	51	35.45799059242874	21.655231869609853	1.6373867897572212	5e-4
3	51	33.041535100487465	26.88356765632317	1.229060648604647	0.12925
1	52	69.0831062044781	423.8365106377595	0.16299470307672806	1
2	52	324.30167260756394	205.17389022389233	1.5806186267349884	0
3	52	523.4990132270216	33.99166064716768	15.400807235072277	0
1	53	4.312794122061415	105.2237935508386	0.040986871662041915	1
2	53	70.46889059887741	48.29182215058498	1.4592303098263562	0.003
3	53	75.76063316409227	52.30120938976782	1.448544575699889	0.01375
1	54	18.420868568482916	1.370804032709879	13.438002901164184	0
2	54	16.170611307250333	5.464415577285412	2.9592572304472307	0
3	54	25.515576613701274	0.21513598857084756	118.6020841199175	0
1	55	1785.7470728743522	2375.89817381195	0.7516092619446124	0.97925
2	55	1516.7716728671926	3006.838168893678	0.5044407406286406	1
3	55	4740.529848072447	71.11468077553664	66.66035474496826	0
1	56	3.405435241023429	2.0123432030276875	1.6922735823092967	0.11425
2	56	1.7921226687781688	2.6158268075675366	0.6851075398392555	0.8325
3	56	6.2225457934124115	1.7809214972536431	3.4940034150905537	5e-4
1	57	20.89066806156646	10.073816608086778	2.0737590204686107	5e-4
2	57	26.074454189006094	5.074719247715418	5.138107728963434	0
3	57	29.272811650397593	2.8945860484287183	10.112952650444747	0
1	58	62054.423276574205	81624.24460316589	0.7602449931177354	0.9755
2	58	100491.19374999368	52597.02246420318	1.9105871215121848	0
3	58	134008.6022043261	27953.342978927707	4.794009872284216	0
1	59	366.4263263687602	505.66173671930574	0.7246471302062638	0.99025
2	59	849.3098650329612	74.31780074084692	11.428081247917758	0
3	59	542.3478630858879	530.824820576055	1.0217078065364915	0.43925
1	60	481.8562933203896	988.9466369243256	0.48724195556090594	1
2	60	687.7451386176936	751.0700147242721	0.9156871198887816	0.79025
3	60	1582.8127539744655	82.46963737521466	19.192672653246834	0
1	61	28.892842275529922	22.753999684182617	1.2697918026084314	0.098
2	61	20.902622353697595	36.354585859275076	0.5749652171698374	0.9995
3	61	59.91960338784385	10.07186147841756	5.949208447340373	0
1	62	2341.678878106387	3086.9706503592733	0.7585685590609206	0.974
2	62	3621.241571659888	1786.7968764802772	2.026666611816108	0
3	62	5902.353743682555	84.75272352035631	69.64205394844804	0
1	63	41.79006882883988	910.4777617401187	0.04589905496315481	1
2	63	847.190154214064	216.8250219476775	3.9072527082160344	0
3	63	613.9946040801528	534.4339674135223	1.1488689744996503	0.17225
1	64	1616.825584700977	701.3808480304813	2.3052034985573364	0
2	64	702.1208293355595	1690.2682918446035	0.4153901677758679	1
3	64	2490.087415491849	144.9621210341794	17.17750401089076	0
1	65	8.52064515903232	9.47657291085246	0.8991272730329102	0.66125
2	65	14.168704721659012	8.04783390387816	1.760561275355257	0.003
3	65	20.220017823423845	1.2927878401105795	15.640631197222827	0
1	66	2.4703430128229744	1.644056456347112	1.5025901350807427	0.17325
2	66	3.334600869501743	0.8439050888460238	3.9513932473870454	7.5e-4
3	66	2.5995150982936917	0.9236012675116843	2.814542584266003	0.0175
1	67	54.62635197237394	77.30579438841417	0.7066268758317138	0.98475
2	67	53.097127571538415	88.2783426363889	0.6014739967450571	0.9995
3	67	132.6681296043403	35.75115108579806	3.710877148709261	0
1	68	5901.786482427378	10723.757945878868	0.5503468571570501	1
2	68	6409.497477947888	11089.948201098345	0.5779555829947964	1
3	68	17653.423618620476	2175.368971063007	8.115139938763596	0
1	69	65.58204846722734	987.107283457583	0.06643862279843614	1
2	69	775.5170539052615	358.47478090315497	2.1633796719294853	0
3	69	1070.1978122869716	206.58193194073255	5.180500551200222	0
1	70	434.6690786588937	743.6537226682716	0.5845046765842528	1
2	70	1074.8785995515054	136.28414362731974	7.887040788038041	0
3	70	1100.320161458941	179.80879906739247	6.119389969600654	0
1	71	14.981437569815526	4.656565399196269	3.2172720203610465	0
2	71	15.503973306670556	4.514997288628183	3.4338831931793288	0
3	71	21.22088637339484	3.060994789482477	6.932676411704268	0
1	72	20.866941970778925	23.076610858717004	0.9042463860284148	0.69775
2	72	46.91448672965973	6.753722369763945	6.946463618299353	0
3	72	57.86324204519602	3.194825844973778	18.11154812592639	0
1	73	302.4943891642855	31.120194601907457	9.720195938162439	0
2	73	122.62667275580567	221.62580906940568	0.5533050201630766	1
3	73	355.0418775775928	9.956162513685694	35.660514489348074	0
1	74	2076.3756986031894	1092.245968305598	1.9010147520381997	0
2	74	2517.2204658964793	885.48044810921	2.8427736278893194	0
3	74	3524.827622554755	240.15406971086884	14.677359525068374	0
1	75	37.88586987745633	4.477099487733767	8.46214607945501	0
2	75	21.649189270361173	26.025170518644174	0.8318558087775797	0.863
3	75	52.06635986485077	1.3720543594288972	37.94773837278782	0
1	76	142.52866252980994	439.51194017496493	0.3242884879829905	1
2	76	599.4092627318441	15.939858935232131	37.60442706346416	0
3	76	637.920448940534	66.03093881090152	9.660932593543789	0
1	77	71.69747112412716	16.511533145798097	4.342266129440133	0
2	77	15.019996175949352	77.89134421988449	0.19283267385331596	1
3	77	80.43947350480886	29.73908080780815	2.7048406110685526	0
1	78	19.926844867466105	8.526203560975823	2.3371298521033057	0
2	78	12.948106929107048	17.96293106877321	0.7208237274603843	0.956
3	78	30.08040615616137	1.5394997308556442	19.539078541730483	0
1	79	79.86883911723243	27.37868249339091	2.917190742706936	0
2	79	44.98458584611018	61.458715266507035	0.7319480345633793	0.98475
3	79	28.256985026143724	82.41627426704709	0.3428568602189514	1
1	80	1745.8288112855034	2079.4840961477275	0.8395490085832708	0.90375
2	80	3421.878103192548	698.5353316552671	4.8986471379822385	0
3	80	4033.789416979017	262.8484277979099	15.346446812610887	0
1	81	448.0356624676963	768.5188076128195	0.5829859439086325	1
2	81	1164.8648828234543	140.24626068487117	8.305853411955619	0
3	81	1334.1786529254605	64.47995339502256	20.691371235210145	0
1	82	2575.933270604696	2171.7421960086176	1.1861137456089077	0.0965
2	82	3658.825307907235	1466.709973143939	2.4945799612069375	0
3	82	1451.4309779787577	3774.4469052291415	0.3845413684235262	1
1	83	117.77547946680687	215.62348833343935	0.5462089514324122	0.99975
2	83	267.36495145789814	93.94333390584956	2.8460236649239268	0
3	83	270.6591462865027	101.69681256006828	2.6614319512387374	0
1	84	2669.0182219551402	3194.0339476360077	0.8356261284982753	0.91025
2	84	4212.084897277673	1757.557546906679	2.3965558935415743	0
3	84	5526.35234830041	1436.7720477571463	3.846366831069165	0
1	85	93.35272124990695	78.57040043236886	1.1881410904894432	0.1215
2	85	97.39224066237333	93.71027153410984	1.0392909877219092	0.37425
3	85	164.5076777384334	6.563611453720833	25.063591728175187	0
1	86	6.969292995993145	4.303903307116297	1.6192959038995496	0.068
2	86	7.976381409689372	3.1562886350745014	2.5271394133765894	2.5e-4
3	86	9.46720140124921	2.7145918373470534	3.48752297527772	0
1	87	457.5779448999236	128.7501672435154	3.553998838964381	0
2	87	273.54377598560416	322.06299811316177	0.849348660318595	0.912
3	87	557.533304320878	72.37860311685307	7.7030127732744065	0
1	88	206.2771495556123	39.881550136034555	5.172245031900923	0
2	88	214.51301265223486	28.794633478220952	7.449756664361901	0
3	88	207.08095765430517	66.28621774601137	3.124042443449955	0
1	89	284.29115314057526	277.7918778102588	1.023396203595109	0.44575
2	89	404.15742699155976	204.51910254893926	1.9761353436158813	0
3	89	591.1534952978884	77.80896386314568	7.597498616452969	0
1	90	2914.6955843864844	459.4683302942798	6.343626735970427	0
2	90	2524.0485291801842	921.1589707027204	2.740079193121981	0
3	90	1255.9383589778286	2424.83260112141	0.5179484795762792	1
1	91	164.527477021223	480.10430727141517	0.34269110801418295	1
2	91	453.3730218437373	233.66950132035976	1.9402319056699022	0
3	91	651.7789595802678	138.02073719423936	4.722326317262066	0
1	92	498.4750836477786	285.26349968688186	1.747419786250002	0
2	92	354.13297781026256	511.71621517866066	0.6920495526736836	0.99925
3	92	576.2209527204766	273.90331475803964	2.1037385152841175	0
1	93	467.10604775894615	547.6795806699197	0.8528819847319918	0.881
2	93	913.1814332411636	179.6240867140645	5.083847327751851	0
3	93	875.9692181472558	277.69900816716455	3.154383675796043	0
1	94	9.799742662708642	14.948634821552442	0.6555610448507111	0.9675
2	94	23.286043668763263	9.317483964897708	2.499177219568084	0
3	94	26.21122430976007	4.554227004303842	5.755361839668928	0
1	95	40122.016488577094	30447.283184280335	1.3177535823390554	0.0215
2	95	59008.91081136206	16392.70689086889	3.5997051130238513	0
3	95	75294.23695854374	6301.6743859766175	11.948290620362611	0
1	96	51.38367081057986	30.511862700652898	1.684055520133169	0.001
2	96	56.47534979367592	33.296954786429566	1.696111556024123	2.5e-4
3	96	65.93406749353716	19.43150381888665	3.393153103747527	0
1	97	1.4595532880725188	1.4853920085364671	0.9826047802092279	0.503
2	97	0.6153237037159387	1.359780634129592	0.45251689005691204	0.928
3	97	1.6860436522220281	1.5844761893272392	1.0641016025226064	0.4535
1	98	16.1060702671478	2.9733649382150853	5.41678219856063	0
2	98	13.728347441722004	5.5842971784895425	2.458384108675837	0
3	98	12.857134949892892	5.831892802882475	2.204624704956531	7.5e-4
1	99	209.4014505065119	134.16758006113287	1.5607455274299429	0.00125
2	99	230.16434530010457	146.00348154595173	1.5764305266081267	0
3	99	193.134684051306	231.7440339107266	0.8333965746264094	0.889
1	100	32474.526392771266	27848.20182932439	1.1661265094170397	0.1245
2	100	31597.911942774605	32173.799406211183	0.9821007318356874	0.566
3	100	52210.24004693257	20017.391191531497	2.608243978816805	0
1	101	85.49198779379196	91.58979223337408	0.9334226632587538	0.672
2	101	100.8728124730966	71.17600594990111	1.4172305839147294	0.00325
3	101	127.82036740462937	71.10233231578414	1.7976958454322642	2.5e-4
1	102	51.30527488760684	9.173355045346968	5.59285829818945	0
2	102	54.826779785956404	4.539966316676827	12.076472810945571	0
3	102	36.60541558418102	23.25267421603987	1.5742454069618506	0.003
1	103	24.296095184935616	25.484596314777377	0.9533639412937217	0.60975
2	103	41.20625083463326	11.090361126731988	3.715501268512395	0
3	103	46.75403007721388	13.398013530926725	3.4896240378688406	0
1	104	0.1818571611548071	2.495599107393648	0.07287114369292068	1
2	104	0.8392106032809512	1.0875738327688702	0.7716355230287149	0.6845
3	104	1.1991771485681428	0.7422161099912872	1.615671140016376	0.252
1	105	1693.3693239777258	649.7647079460205	2.6061269614514107	0
2	105	720.519587446022	1556.0884456880606	0.46303254126884	1
3	105	2122.2805505750403	298.3870563749583	7.112508754093361	0
1	106	6.371719269083713	12.757286687261198	0.49945724551649373	0.99775
2	106	11.185333329069858	9.607294562686903	1.1642542295426008	0.236
3	106	22.549771600063263	0.21168916214973055	106.52303297470425	0
1	107	8.630545905477888	1.0329796922371646	8.355000558419862	0
2	107	6.961221739210054	2.207523674773671	3.1534075121181937	0
3	107	8.915117998530935	0.2231317899754115	39.95449505206477	0
1	108	292.84043060862257	170.822531297594	1.7142962838927747	2.5e-4
2	108	237.99317814621804	216.66505294976608	1.0984382340672028	0.22675
3	108	378.59409624816533	96.90490298943214	3.906862135649137	0
1	109	207.53708259433648	123.59244502557661	1.6792052503807018	5e-4
2	109	194.55701662691698	159.8074537514102	1.2174464460810555	0.05575
3	109	222.63108069136064	136.31756053025185	1.6331797592721293	2.5e-4
1	110	113.50434145947949	63.608565079384064	1.7844191472929007	2.5e-4
2	110	81.61278269087573	111.11449528297715	0.7344926733729122	0.9895
3	110	143.87162035539788	55.51414451947126	2.5916209571586886	0
1	111	81.16596669590677	1340.0959434499273	0.06056728034483416	1
2	111	1227.929951303317	72.71779183263753	16.88623815928624	0
3	111	892.9053259167852	678.0363406738818	1.3168989217146547	0.026
1	112	1361.9843558877578	884.1590435673336	1.540429140884578	0.003
2	112	1879.456501405452	275.7313852079796	6.816258874512269	0
3	112	2269.6441537326746	229.27343322640914	9.899289777247697	0
1	113	15.551442168715429	13.467881539784212	1.1547058921461675	0.23575
2	113	25.203177756784132	7.022529179531663	3.5889032444668247	0
3	113	35.914826181555	2.4365087230313627	14.740282208746562	0
1	114	14276.790715248828	13105.90361797352	1.0893404324803324	0.2605
2	114	22457.96536133413	8082.678456307413	2.778530097755997	0
3	114	23096.631665452485	9777.712333016128	2.362171321758233	0
1	115	633.262317160192	369.99396646187927	1.7115476860767604	2.5e-4
2	115	583.4736228577201	355.2620499012148	1.6423753199081141	2.5e-4
3	115	775.9111487486352	181.66106034727653	4.27120235489844	0
1	116	339.63642709151316	225.82926751837678	1.5039522149797317	0.0045
2	116	306.6398658441871	331.7914968460368	0.9241944677879405	0.74725
3	116	635.5143519811638	25.66320158175857	24.76364260150955	0
1	117	2521.51000540979	1311.7045811540838	1.9223154677033125	0
2	117	2211.7665083041384	1830.6400195481424	1.2081930279499022	0.051
3	117	3138.9132477874987	1413.5925808380093	2.2205218747870625	0
1	118	18.079787190613636	3.580603166789236	5.049369156098348	0
2	118	20.889684016635293	7.628654510050046	2.7383182695080857	0
3	118	26.170125159318793	5.0453046566851825	5.1870257477202255	0
1	119	4051.7153809231177	6198.185978962205	0.6536937411486833	0.9995
2	119	5128.652625495777	5987.80705291698	0.8565160133203252	0.914
3	119	11917.363151829602	501.04035329779265	23.785236205808225	0
1	120	397.31205874088107	2311.6202154367375	0.1718760097734378	1
2	120	1994.7622655146333	753.2431018338776	2.648231707211258	0
3	120	2134.662448803255	809.5627180645033	2.6368092319107657	0
1	121	72.27852816192359	43.06117275644297	1.6785081207782249	0.00225
2	121	79.78295929371572	32.10808286394752	2.4848247599142645	0
3	121	71.09805046668743	45.39468655352738	1.5662196583922172	0.00275
1	122	50.18355510288973	134.6602580109059	0.3726678965580584	1
2	122	132.73226584267616	60.347509489635854	2.1994655117535835	0
3	122	192.6931215687748	26.056973429740786	7.395069196671922	0
1	123	4908.14689120103	10372.222729623221	0.473201069736315	1
2	123	13114.497872309148	4259.49005273012	3.0788891886021457	0
3	123	12900.524607406196	5342.975388747519	2.4144832548873656	0
1	124	2511.063018808368	93.34254235837261	26.901592300406538	0
2	124	1745.5985275676392	976.9322511641031	1.7868163585423662	0
3	124	1723.5441949323895	1111.847794134209	1.5501619952167156	0.00125
1	125	21.382046075667148	19.822482173356665	1.0786765193516827	0.34525
2	125	26.72571407131405	12.513933260858161	2.1356765706037732	0
3	125	32.956793115434934	16.659543578972016	1.9782530631291488	0
1	126	2841.584651994146	8971.942145213257	0.31671901200457453	1
2	126	9223.969925206004	2557.0773455547496	3.607231490764662	0
3	126	12270.971074429635	1027.5740689627792	11.941690088399959	0
1	127	116.6142128188584	29.928495549780735	3.896427490813609	0
2	127	94.98183290553877	56.30882309073463	1.6868019555743052	0
3	127	161.50028388253062	25.892779604068195	6.237271021190641	0
1	128	165.64938905560257	595.2376156701754	0.27829119782542416	1
2	128	674.0720280411442	85.41641508221689	7.8915982061799435	0
3	128	907.4283533334528	78.28541320688419	11.591282668910488	0
1	129	37.48303533032202	118.38072634279067	0.3166312328730252	1
2	129	97.32042175990023	70.38700815262021	1.3826475128603317	0.0055
3	129	147.86398452522513	27.058245593063173	5.464655275474789	0
1	130	4331.324727625257	1467.1331165321558	2.9522370389015244	0
2	130	3961.1874968735933	1866.2123416160657	2.122581342187118	0
3	130	6923.832982608531	174.1284228487157	39.76279615547898	0
1	131	3235.4033502427565	445.2754889538713	7.266071073986134	0
2	131	2295.303698780386	1392.0029091310362	1.6489216248931833	0
3	131	3735.1649940758043	142.96766676931682	26.12594216916626	0
1	132	43.10880138030667	450.2880739817301	0.09573604958956954	1
2	132	321.46209198567954	205.2378534349162	1.566290460583187	0
3	132	550.0710321336119	11.522153383495285	47.74029765317583	0
1	133	28.217752233761207	10.056922600717808	2.805803858105379	0
2	133	15.837938578398775	24.815924535943708	0.638216744875207	0.993
3	133	43.01362080716821	5.356921708890486	8.029540684864163	0
1	134	21.61687027572038	15.554975022740786	1.3897078101454572	0.0565
2	134	33.364888288964906	6.9909188441714445	4.772604150137187	0
3	134	40.69610167187938	1.733974999983916	23.46983184432121	0
1	135	7720.813177655476	3491.0209270831324	2.211620422483826	0
2	135	8223.852899363814	2557.0441256180793	3.216156036171638	0
3	135	11772.83590224424	218.55144513071616	53.86757289663712	0
1	136	52.42195244996951	5.6775903712193045	9.233133956916921	0
2	136	41.183884522948084	20.928463159699575	1.9678408399453289	0
3	136	58.28632738008847	2.8426908310183534	20.5039277377935	0
1	137	29.643667362196695	165.60466914200975	0.1790026061208249	1
2	137	145.32826482038516	64.49526922853764	2.253316662737192	0
3	137	170.53564901231283	51.79218127642672	3.2926909971627776	0
1	138	16684.27014105749	5547.725740521846	3.007407164920176	0
2	138	13734.128235680404	7179.602145290815	1.9129372293545233	0
3	138	6162.400498017368	19572.32759705097	0.3148527157774468	1
1	139	2056.37675075066	1285.9670675268942	1.599089745513762	7.5e-4
2	139	2486.2269377391776	1079.705626977702	2.3026896180013363	0
3	139	1575.2888302431018	2166.201959047018	0.7272123560150975	0.9885
1	140	116.87884958206243	368.75335503227507	0.3169567082903765	1
2	140	364.087470970152	122.7513982913468	2.9660555890858467	0
3	140	414.06404669154153	71.40296954789056	5.798975159062892	0
1	141	356.9177153149135	458.3218473369053	0.7787490764160514	0.96525
2	141	433.1488813240537	440.5237524327286	0.9832588570583352	0.55875
3	141	874.8391196105753	93.13385585627812	9.3933523053164	0
1	142	1645.8937018927381	639.3169899811389	2.57445637717417	0
2	142	1412.227093064861	1048.1114352034137	1.3474016651586107	0.005
3	142	2521.1337440473026	97.48794471464183	25.860979543952276	0
1	143	267.91252813547055	608.7633334644511	0.4400930762547567	1
2	143	390.08641608509606	531.8816128743782	0.733408349984131	0.995
3	143	948.2008742382068	131.9921793574559	7.183765575006738	0
1	144	3534.190590100156	12146.32458060784	0.29096790281256374	1
2	144	9552.263879222377	5891.32020626684	1.6214131204515485	0
3	144	15179.377896090626	2791.560224367668	5.43759642496303	0
1	145	7.032402459526062	7.008146130090532	1.0034611620513136	0.489
2	145	6.380301462970839	5.64645190586754	1.1299664938863139	0.3245
3	145	13.436747299739565	2.0195498806939183	6.653337671027314	0
1	146	627.9781485052429	510.6402361099785	1.2297858729056221	0.07125
2	146	883.8386552528066	218.98327293145363	4.036101220979863	0
3	146	414.19425080443204	816.0148799703547	0.5075817377490462	1
1	147	54.36649513179035	80.20331593657356	0.6778584463363647	0.99425
2	147	89.81515653913664	57.797418453826694	1.5539648472515832	7.5e-4
3	147	134.4037514088953	32.37834017030059	4.151038956968483	0
1	148	137.0026122784958	96.30165743211461	1.4226402320756764	0.00975
2	148	148.8398835199173	74.10845006318294	2.008406374617473	0
3	148	162.550195275211	83.2535484441668	1.9524716761379095	0
1	149	1381.8436242013145	417.0623011063257	3.3132786649278754	0
2	149	1484.932954075843	456.3304421304078	3.254073839876513	0
3	149	1336.9631790567264	669.7380377465446	1.9962479412923628	0
1	150	15.234160514170657	99.5634899629239	0.15300950699743102	1
2	150	78.86516183303584	42.41558684092189	1.8593438805601523	0
3	150	42.49055474040583	76.98876150016127	0.5519059394184023	1
1	151	71.6349506435528	99.5289584686133	0.7197397797159011	0.98225
2	151	101.62770511611973	68.81353305979732	1.4768563768962084	0.0025
3	151	175.34444182273745	14.214606275086563	12.335511686317858	0
1	152	112.02721111448287	484.2819710491438	0.23132641273386287	1
2	152	479.8039912837128	121.59614945493969	3.945881456234068	0
3	152	433.6487289524811	190.76594149938506	2.273197854627939	0
1	153	14.928439792699578	338.57378462255235	0.04409213137792712	1
2	153	165.94510213771497	206.26428499267695	0.804526591424233	0.963
3	153	361.3393986180256	60.09607996141989	6.012694985263532	0
1	154	408.5462357854417	37.78458104764596	10.812511994516207	0
2	154	337.8982017348972	105.7470044423413	3.1953453766072086	0
3	154	392.9670425942039	97.4189377391127	4.033784926361722	0
1	155	1184.5376115638528	2871.779268502223	0.4124751594093262	1
2	155	2448.2706308182605	1717.6108933948035	1.4253930504477246	7.5e-4
3	155	4297.336222585589	247.9309432283629	17.332795038122455	0
1	156	45.49704174593844	16.0683691678273	2.8314660480314546	0
2	156	42.19972634053326	18.402112520421298	2.293200103721958	0
3	156	61.95107416570744	10.938306200045295	5.663680741123421	0
1	157	21.95813335452958	3.1511934488543973	6.968195926693222	0
2	157	21.75486612089679	10.77309614389428	2.0193699035375725	0
3	157	32.47124892249286	0.7953597853974761	40.82586210499134	0
1	158	15.307163302368643	21.35088061737331	0.7169335811804003	0.94225
2	158	34.14424116096616	4.958745782695582	6.885660741092741	0
3	158	32.1097082481246	3.8143225873969007	8.41819419107863	0
1	159	47.46244037598409	44.33681075809757	1.0704973940263771	0.338
2	159	57.295924219839996	44.69276279466313	1.2819955768472169	0.04025
3	159	93.78438722935098	1.9095198023898265	49.11412131572386	0
1	160	14889.65560493672	9436.99617702035	1.5777960831640392	0.001
2	160	17675.330058881496	8459.461235619327	2.0894155746536103	0
3	160	28141.768548347776	1404.256034777739	20.040340117037108	0
1	161	112.28521024578185	213.3608608439301	0.5262690157962786	1
2	161	267.9764693771583	34.00970931873286	7.879410754903289	0
3	161	319.1395110483903	18.54183329185205	17.211863898519233	0
1	162	4182.929848820151	26628.98552244252	0.15708183270049245	1
2	162	13039.182465487504	18575.166571290007	0.701968535003127	0.99825
3	162	35900.88907954622	2735.381506815573	13.124636907171558	0
1	163	10.082609175078403	7.20814767697105	1.3987794960542812	0.09375
2	163	15.082652399938308	4.383537813159452	3.440748783929715	0
3	163	15.468286743828907	2.5581944608724383	6.046564082760797	0
1	164	391.033562222927	95.43099710955556	4.097552934231812	0
2	164	90.48105461594818	447.1621468777478	0.20234506710310907	1
3	164	447.71466669442583	109.30080977421017	4.096169713831941	0
1	165	16163.521717016454	4478.393101917951	3.60922352039488	0
2	165	17977.03399682705	2300.630529536633	7.8139595932632355	0
3	165	17769.015525840285	3474.115196314513	5.114688063507624	0
1	166	106.62154214920072	77.65359344603868	1.3730406722683324	0.0235
2	166	156.80780723034985	30.912255294963277	5.072674437180244	0
3	166	201.71438743618216	17.648361624805077	11.429638157043945	0
1	167	11.45430759655147	7.938621527497384	1.4428585059605923	0.08675
2	167	12.036418210326186	5.896411155349203	2.041312570173603	2.5e-4
3	167	23.941572849250136	1.3551394483719374	17.667239248339722	0
1	168	408.338030699584	46.77690060682568	8.729480264880983	0
2	168	386.4394082418443	57.497352060346614	6.720994870098627	0
3	168	395.66168039894046	89.11228283041629	4.440035288422564	0
1	169	793.020871360161	276.7949396707624	2.865012172200224	0
2	169	1047.4460528141385	56.65587777932396	18.48786205191219	0
3	169	1143.9781071734615	46.14831485035333	24.789163177097087	0
1	170	15.842815082824128	0.8979172995797002	17.64395795719704	0
2	170	15.786883828276189	3.0137851717037187	5.238224667271731	0
3	170	5.4346532911372964	14.123008481192972	0.38480847040305893	1
1	171	609.1522124533285	409.5204201055116	1.487477015911398	0.00375
2	171	743.0281532651816	314.7638453851498	2.36058926131113	0
3	171	986.3492361676235	117.65786582796295	8.383198430692634	0
1	172	8.922548262973805	12.559310260823748	0.7104329837925819	0.9205
2	172	12.041608805373166	13.99296344925	0.8605474350766331	0.78775
3	172	22.150021879667936	8.15005701062329	2.7177750843701123	0
1	173	923.3218700047073	631.4378689621313	1.4622529236682205	0.00225
2	173	569.6614183770891	919.1840195724349	0.6197468692308982	0.99925
3	173	1549.1540072651733	118.9192956224644	13.026935613403776	0
1	174	3390.8836105575806	530.3690030849789	6.393442284209572	0
2	174	2597.8751155170057	1494.731722587333	1.738020994844591	0
3	174	3770.494272889658	516.3112076282675	7.302755038399882	0
1	175	63.83274363256935	226.60911687526362	0.28168656456882935	1
2	175	146.3657745526791	171.08596405807577	0.8555101253250366	0.8995
3	175	224.44716039641727	110.23380107751191	2.0361010706561338	0
1	176	26.805011396543357	23.206410012800177	1.1550692839503511	0.21425
2	176	41.70578769860529	9.43771488654811	4.4190556930311535	0
3	176	31.967050903765333	22.460095615461142	1.4232820487976805	0.02975
1	177	15.646445582424615	20.37098982772455	0.7680748807370217	0.892
2	177	26.08635290534127	10.318306217060194	2.528162312358043	0
3	177	29.444550963991432	11.959368878464536	2.4620488976648924	0
1	178	18.04947477801437	24.720110186111764	0.7301534921213626	0.952
2	178	27.009972070090207	6.105022212512627	4.424221752171773	0
3	178	23.8792491730908	17.893942716165157	1.3344878516638254	0.07875
1	179	235.44094775637802	85.36173206171947	2.758155698927783	0
2	179	257.8835717372357	93.2476688903555	2.765576606965542	0
3	179	331.5889217812768	44.30898141028224	7.48356001937632	0
1	180	3606.2892562634024	1425.0371903646137	2.5306632561222404	0
2	180	4443.3345469862325	855.2459709268277	5.195387874404136	0
3	180	4485.471593774528	1489.6109609053804	3.011169836618464	0
1	181	13168.722077031172	14221.67327889607	0.9259615109125449	0.72475
2	181	18038.61942458916	10008.16266056809	1.8023907120995213	0
3	181	24231.86442531224	6630.647810487331	3.6545244322863946	0
1	182	4.39061589208137	9.51081855561726	0.46164437544528636	0.997
2	182	6.635543621024267	6.579022896635183	1.0085910514793908	0.481
3	182	14.850317911551205	0.9249958118006947	16.05447043337635	0
1	183	9.643788383213266	24.57356269785783	0.39244567431217253	1
2	183	28.28061193464201	16.571771272604053	1.7065533592896407	0.001
3	183	34.18839181750302	5.000497808180187	6.836997660827907	0
1	184	6808.30657640021	1321.3003981724755	5.15273179802031	0
2	184	3757.8101572232954	3793.736623163118	0.9905300579590925	0.5405
3	184	8077.057167672398	184.13870439940263	43.86398391374041	0
1	185	157.2728989681343	188.7521547510492	0.8332243898119531	0.899
2	185	113.99898404627946	257.1501972871156	0.44331672792378346	1
3	185	218.13612756493444	163.23751901495262	1.3363112162036295	0.023
1	186	2137.907518409518	1017.2394411761509	2.1016758020487587	0
2	186	1314.2830702371825	2089.804457070605	0.6289024151472459	1
3	186	2559.5316237180905	1349.9072121029144	1.8960796718248487	0
1	187	236.77695397252842	647.5414330877459	0.3656552953584418	1
2	187	384.85429061585717	568.8753550735003	0.6765177770201223	0.9995
3	187	897.4281369740991	61.80237785539014	14.520932173094845	0
1	188	240.8752624197807	79.63707759135298	3.024662251618523	0
2	188	185.63906706277191	152.7442864362796	1.2153585014141597	0.05575
3	188	289.65000771807183	138.99749870463774	2.0838505039113158	0
1	189	25.040947135771532	105.76899742558889	0.236751295230802	1
2	189	78.86096740666727	57.81211582418331	1.364090663045393	0.009
3	189	98.64903287129617	64.34112247151819	1.5332190220176065	0.00325
1	190	169.98621695838534	76.27291667864183	2.2286576200380885	0
2	190	104.598763848517	131.39885502002255	0.7960401468686941	0.96725
3	190	258.73672445253004	7.22652818452304	35.80373837144413	0
1	191	250.0021640879375	39.49683351998527	6.329676123566645	0
2	191	113.3298405941762	196.26113352133743	0.5774441355799824	1
3	191	329.23681409987915	20.946812780102057	15.71775226886212	0
1	192	10.982001817309445	2.445278342285321	4.4911050114016176	0
2	192	9.236869756538843	2.7663389473216657	3.339023139403023	0
3	192	12.96166951438474	0.5799171288839691	22.350899583409504	0
1	193	67.76493792832838	87.17972158199646	0.777301609808336	0.95475
2	193	129.19549135191122	40.00963058740368	3.2291098281868695	0
3	193	120.5128419427773	82.04926448818554	1.4687863772396181	0.007
1	194	34.43925526114669	8.585819395815907	4.011178627625202	0
2	194	33.74250950972612	6.6887002141375875	5.044703519288573	0
3	194	50.891917010886374	2.561241706590359	19.8700172966635	0
1	195	1.179740078410635	1.1107716424559944	1.0620905623789123	0.47475
2	195	4.077372169727934	0.7349366704823574	5.547923152415095	0
3	195	3.70736279171102	0.18235333364001577	20.3306554243189	0
1	196	331.9670108391718	135.44419470089187	2.450950456549806	0
2	196	213.61117996633044	262.7923542790536	0.8128515783967645	0.96375
3	196	472.7779515618227	54.8268650615496	8.623107504524906	0
1	197	1018.7860564971751	8496.2182603768415	0.11991053257758327	1
2	197	6825.487648301083	3104.984047454655	2.198235979310861	0
3	197	7466.456246428291	4193.292971981998	1.78057109205494	0
1	198	162.2101626549629	731.3263497839953	0.2218027050479903	1
2	198	728.9480237596839	171.51249503904967	4.250116142230444	0
3	198	522.7404243883941	461.5363552996474	1.1326094215243576	0.19575
1	199	551.9979165222919	592.0343165928293	0.9323748658676615	0.693
2	199	990.1690493660631	170.60995055827553	5.803700464867372	0
3	199	1254.6582458915518	88.33788180782017	14.202946914904206	0
1	200	241.68397485039668	42.44741245581064	5.693726916852678	0
2	200	161.7635636534664	143.45298372292245	1.1276416806074288	0.16025
3	200	303.925230660093	22.992163482997917	13.218644295254663	0
1	201	1163.4186823999269	697.149885011808	1.6688214506127637	0
2	201	1196.6740119890758	702.1118482644858	1.7043922773089113	0
3	201	1691.7969099227128	536.7670268304339	3.1518271901175403	0
1	202	80.43813521027519	7.087029572295037	11.350049324575684	0
2	202	46.48271735155281	42.19063939683497	1.1017305737973675	0.24675
3	202	90.4281445081507	3.5039068885560076	25.80780465471129	0
1	203	10.930737641594657	22.13496866693211	0.4938221420626772	1
2	203	32.08659116285348	7.421025536683043	4.3237408366600425	0
3	203	12.541623049391202	24.506687956448513	0.5117632815857962	0.9995
1	204	532.0970484803429	825.3436362691484	0.6446975842518322	0.9985
2	204	1134.139599514574	206.52440388920957	5.491552466230506	0
3	204	1429.9728543883753	39.60975619025834	36.101531337879436	0
1	205	19.979583764631705	33.21912526464281	0.6014482201280966	0.99675
2	205	36.897228947377904	10.824195321387144	3.408773387013257	0
3	205	31.262911407989257	28.842877209045938	1.0839040495649417	0.32625
1	206	4.399905556874165	6.393773796469276	0.6881547106505159	0.89975
2	206	9.92765459914635	0.2575671176331442	38.54395192357754	0
3	206	11.631875193275196	0.7114187281972557	16.3502515919851	0
1	207	429.34618039602873	417.3035850427919	1.028858116212929	0.42625
2	207	578.5286768988083	280.1336745648297	2.0651879064432963	0
3	207	866.8327599313067	137.54588774556169	6.302135048448786	0
1	208	118.59803846809714	305.5832895046501	0.3881038084914405	1
2	208	316.0837893507702	103.78049064767686	3.0456956541460114	0
3	208	444.19441156138095	33.77030692715561	13.153401670868211	0
1	209	18.163802980470827	38.76277184141321	0.4685888577520418	0.99975
2	209	52.3661667752541	8.715494794432214	6.008398606205075	0
3	209	45.98046936582283	17.709746338312037	2.59633698232887	0
1	210	780.9228426106995	151.99605281153993	5.137783700073887	0
2	210	614.6697582378913	284.7957163127501	2.1582830184246458	0
3	210	511.09010295692264	527.9731637913586	0.968022880721438	0.59725
1	211	28.908586867649774	11.022211578445123	2.622757389649731	2.5e-4
2	211	12.797723174430054	25.604094634806177	0.49983111517768114	1
3	211	23.12291500608805	23.338262299748877	0.9907727794428318	0.5215
1	212	0.6894188177109639	0.7518548848235204	0.9169572900664045	0.55075
2	212	2.780034766658491	0.24055599622587137	11.556705342103225	0
3	212	1.5881003864280534	0.8047578433924226	1.9733891374496997	0.128
1	213	1.8897860710143437	90.32369958363799	0.020922372308991157	1
2	213	74.44508064839626	28.106904547260818	2.648640319791151	0
3	213	89.77257487392157	22.428614432607162	4.002591205251111	0
1	214	4183.6298829499465	1487.626208930138	2.8122856789130544	0
2	214	2870.6831255841516	3228.621378092437	0.8891358847658483	0.84775
3	214	4607.0343608046205	1839.9752896031373	2.503856647878303	0
1	215	50.71879945934353	121.41798426141978	0.41772065125165553	1
2	215	126.70499746228334	56.730495088324375	2.2334548158801515	0
3	215	170.99559827072557	39.168219791462846	4.365671944784071	0
1	216	184.1990574762063	135.3397918202273	1.3610118280725527	0.01925
2	216	295.746793771742	10.766685110728197	27.46869539976166	0
3	216	292.4582088521306	81.35055134543828	3.5950365918267395	0
1	217	46878.14651096061	18917.685341435747	2.4780064614079693	0
2	217	66336.5211383822	5382.686685004819	12.32405395676914	0
3	217	70230.33864843684	10159.317116900267	6.912899542392174	0
1	218	1229.8150654096974	13975.475105110769	0.08799808637346143	1
2	218	4588.937302745828	10855.740560404589	0.42271987592293747	1
3	218	15850.21213084265	2296.7850365479208	6.901042926797189	0
1	219	376.132798790808	138.53861552853994	2.7150033032726677	0
2	219	485.6601092295085	71.61891974561581	6.781170547594561	0
3	219	522.0687978006133	9.134527021180759	57.15334757782883	0
1	220	249.4122050878912	93.94585291910778	2.654850611688501	0
2	220	256.14429635086327	95.33214967809451	2.686861643378218	0
3	220	328.759553373823	65.39541094918428	5.027257243314621	0
1	221	570.5473253185947	93.48338862920257	6.103194735287611	0
2	221	177.90633113537297	476.9018031712362	0.3730460441800719	1
3	221	414.8766123616393	252.93503779174478	1.6402496703648857	0
1	222	20386.138716751084	9936.896495785484	2.051559933767793	0
2	222	16530.087897787947	15795.066510696994	1.0465348712899165	0.34575
3	222	27164.017549032855	10625.38678455261	2.556520350724966	0
1	223	1889.4657510909783	4082.0055763754735	0.46287681771583655	1
2	223	4998.7935588551245	964.07744520162	5.185053943264603	0
3	223	6171.504864853798	407.4769557140684	15.145653707063666	0
1	224	144.34887366909533	149.83081719626017	0.9634124432493473	0.59575
2	224	167.04246316214227	123.30771139124673	1.354679778559252	0.008
3	224	299.30996145155217	44.855592094604404	6.672745748629982	0
1	225	487.8590318304532	424.0304394743047	1.150528326304311	0.15025
2	225	717.5000341610223	144.8899677237112	4.952033915344738	0
3	225	1062.783822172557	15.784128724803788	67.33243504929465	0
1	226	257.046183554658	273.52986128902154	0.9397371911911794	0.67625
2	226	232.4310455506594	301.7699854071541	0.7702258567466834	0.983
3	226	436.8446909769502	159.80003656257378	2.73369581367957	0
1	227	5.083781649436784	4.072853294368924	1.2482113353961353	0.2655
2	227	8.271455438251303	5.006174742044382	1.652250643347194	0.03025
3	227	12.442148081483616	0.7291048218529752	17.064964746581513	0
1	228	544.8302922458112	5133.819330839911	0.10612572378090972	1
2	228	3279.3048227943254	2409.0989253937805	1.3612163403619073	0.0045
3	228	3558.0525456226196	2550.0579973906165	1.3952829893529668	0.0095
1	229	52.827198531814446	29.051150493050642	1.8184201876772934	0.001
2	229	60.113846543079035	27.52624469238679	2.1838738707320045	0
3	229	89.1980347867638	5.321151411683646	16.76291988063181	0
1	230	13.590659948476238	32.97636011629691	0.4121334161971302	1
2	230	41.131541344329534	9.263636792787175	4.440107299581872	0
3	230	48.51283061045473	3.085985441943234	15.720369238004691	0
1	231	895.6821139243502	369.6417641812783	2.423108535660741	0
2	231	1101.4740522658444	371.0147976518001	2.9688143417384265	0
3	231	1465.2058225569876	62.55846061225772	23.421385504327688	0
1	232	618.3475991778259	343.18686256555884	1.8017810896234505	0
2	232	757.3274637113952	218.8706121101651	3.460160578023176	0
3	232	1114.3858853112633	4.293737795076607	259.53747957992874	0
1	233	3469.194598694139	5928.068186116263	0.5852150295469122	1
2	233	3242.273036364607	6177.439700450523	0.5248570918673875	1
3	233	10179.2718593854	1054.9433632977186	9.649116922794157	0
1	234	121.73995047805344	192.61154902844987	0.6320490702251282	0.99875
2	234	282.3543355620242	47.37482497040199	5.960007994508234	0
3	234	296.6573465630206	61.087494619228835	4.856269657352099	0
1	235	2650.9612768738516	3172.3562136474693	0.8356442651267919	0.91575
2	235	1360.0430676177366	4229.654624147128	0.32154943806835695	1
3	235	6488.377799164856	150.38589322261151	43.14485660939164	0
1	236	0.42182856769497895	2.4793159634783457	0.17013909235802943	0.99725
2	236	3.8131347628184216	0.9075447471293421	4.201594218775175	2.5e-4
3	236	4.329131902694796	0.20041313769855418	21.601038496819196	0
1	237	213.9591386673483	144.11476107140845	1.4846441618935353	0.00625
2	237	177.1663756584898	175.0219734742288	1.0122521883492348	0.468
3	237	267.86018003858385	120.19777658634638	2.228495298714293	0
1	238	120.09454890529332	139.9079703542608	0.8583824681410362	0.8555
2	238	200.44233879859803	69.74486520792263	2.873936858305504	0
3	238	163.21076304328167	115.00478390467259	1.4191649903761134	0.0125
1	239	141.43441200604536	61.771079810704656	2.289654194802264	0
2	239	151.89613980420648	46.69280624742972	3.25309511275236	0
3	239	144.84179278713037	89.51590651708798	1.6180564820564158	2.5e-4
1	240	62.82122591293886	107.2393111246619	0.5858040792514175	1
2	240	128.45943215946815	46.168783322859234	2.782387208715221	0
3	240	187.92902345273592	7.010995495880508	26.804898614349202	0
1	241	2739.3260237155387	1045.1240896986533	2.6210533760688497	0
2	241	3519.3449646962144	467.64146912739875	7.525733274388986	0
3	241	3286.262894742316	1120.447154879986	2.932992315103264	0
1	242	218.08493351591227	57.07564969556444	3.8209803073491857	0
2	242	111.61239579165054	173.2322689141041	0.6442933322485818	1
3	242	190.58875112906736	98.91178268325143	1.9268558907627438	0
1	243	31.07331216718405	59.456540430746756	0.5226222706882405	1
2	243	96.21851518516303	5.4553431953197045	17.637481591939377	0
3	243	117.41648769565613	1.870360922786279	62.77744913572116	0
1	244	2337.666652789618	403.7942546785582	5.789251891784655	0
2	244	1233.1148889623137	1606.0725852659336	0.7677827890687359	0.987
3	244	2382.402826682819	707.0837387627425	3.3693361847799745	0
1	245	1555.2537403864733	2548.2805688349017	0.6103149548785949	0.99975
2	245	1502.4365705887253	2985.030134712544	0.5033237531229844	1
3	245	4553.623392974535	591.4728339560854	7.698787047441344	0
1	246	4.535666591602275	27.89278902512799	0.16261072306237265	1
2	246	9.194308571720853	20.79491995755412	0.44214205154374053	1
3	246	22.23989080774156	5.693103405725609	3.906461770108494	0
1	247	471.9715520882152	674.3739838053389	0.6998661920867516	0.99425
2	247	992.7623641370114	235.575050144059	4.2142084381598	0
3	247	1108.3671403925073	278.20698363231145	3.9839659160295056	0
1	248	2160.8273225241355	1397.689011361846	1.5460000793872748	7.5e-4
2	248	2543.265333360723	968.3288340259139	2.6264480040182936	0
3	248	3726.247029294509	513.8168726298154	7.2520916065345356	0
1	249	28.665322522440597	28.02275140611313	1.0229303363904263	0.44225
2	249	19.535214865083184	33.330162855963465	0.5861121936158774	0.9995
3	249	52.25244284916229	3.756854271696319	13.908562608570104	0
1	250	3500.5847779622663	2247.7388253950094	1.5573805721610412	5e-4
2	250	3318.319668449577	2644.752662126909	1.2546805287194553	0.01875
3	250	6829.861388536217	70.73913965718546	96.54996401758558	0
1	251	210.32207644974855	757.7945641091685	0.27754497908941106	1
2	251	681.2797314891388	279.8942065451778	2.4340615688276968	0
3	251	947.1391945187937	198.77355818897945	4.764915430141481	0
1	252	9.187282037563829	2.0806477296952606	4.415587466557557	0
2	252	8.420313093242441	5.452541842562731	1.5442913298735619	0.04125
3	252	10.433126878049556	2.5949894846228068	4.020489077074645	0
1	253	5932.70835360128	1785.389991772835	3.3229201356227445	0
2	253	5144.596564466528	2467.875539762611	2.0846256148563294	0
3	253	6731.468481034124	1520.9962534595606	4.425696950747352	0
1	254	3.034683122196803	1.2006793870801604	2.5274716588385973	0.024
2	254	2.8813847100831396	2.7893095883128307	1.0330100043953896	0.46475
3	254	5.673861065349693	0.5725844349033851	9.909212894177033	0
1	255	5034.756527148627	13245.069453883129	0.3801230748301256	1
2	255	14068.596580412672	4095.980294193271	3.434732486471488	0
3	255	20319.495075226434	1203.5999972465102	16.882265804014274	0
1	256	27.15927454141778	371.8536255300215	0.07303754132477884	1
2	256	263.23232952743786	132.9293451106944	1.9802424311068114	0
3	256	212.73398930736067	227.16520172677667	0.936472609758368	0.66125
1	257	1725.4987904586674	1690.5202954764009	1.0206909642409288	0.4315
2	257	2503.6014869644314	1084.1020820157855	2.3093779898561033	0
3	257	3111.7565602599343	534.3658166300677	5.823270245623047	0
1	258	36317.94180608693	26163.504577507047	1.3881145661697678	0.00925
2	258	58109.10226333179	10567.300009874722	5.4989545303938705	0
3	258	69337.37231974519	5155.605312714897	13.448929488210325	0
1	259	1497.103271290592	742.8987281538889	2.015218514387431	0
2	259	1573.644659521669	1051.0520063602862	1.4972091295187968	2.5e-4
3	259	2376.09587490487	275.5099600740558	8.624355628617515	0
1	260	3331.350625800367	8522.496564103589	0.39088905472040686	1
2	260	5482.7559161916	6210.299277613087	0.8828489048757862	0.872
3	260	6908.027793000151	6709.566542831591	1.029578848186638	0.42325
1	261	725.2936970107816	221.32147183130593	3.277104977702343	0
2	261	961.1247525717433	53.50649066707825	17.962769387212102	0
3	261	782.7329410801522	378.2615679213831	2.0692901617825297	0
1	262	1122.6097907403973	319.94316314420786	3.508778808423557	0
2	262	1199.4603307742577	467.98660021432715	2.5630228092533685	0
3	262	1609.2442636715384	85.1129184053525	18.90716819281734	0
1	263	79.63239697502385	50.07981545743452	1.5901096329459845	0.0025
2	263	73.19368506296246	63.668521726395575	1.149605536272691	0.1395
3	263	111.3345866530241	37.84976639285671	2.941486758397431	0
1	264	8.935116083445092	12.504560460405079	0.7145485930303257	0.9125
2	264	19.383652775840307	5.709698843988794	3.3948643011614417	0
3	264	22.38073858650601	4.801149405192323	4.661537623116207	0
1	265	3862.5787961411233	3354.5442708339497	1.1514466599008022	0.1375
2	265	6157.676983904741	1887.8006587703921	3.261825847605916	0
3	265	8360.245892397403	1103.0723976528207	7.5790545663066204	0
1	266	9490.127815946831	1294.7118079050454	7.329915242916237	0
2	266	7169.539331913076	3144.832274924829	2.279784327157622	0
3	266	9998.94281765083	1797.3458740743667	5.563171208101661	0
1	267	1720.291927763053	1655.7970813550864	1.038950936158907	0.38325
2	267	2840.6541561729323	619.6051312938832	4.584620127727105	0
3	267	2662.480865646551	776.2005854740066	3.430145397301703	0
1	268	942.6718262167435	456.4995482341562	2.06500056760891	0
2	268	625.5212513022793	756.4216947576854	0.8269477933240147	0.947
3	268	1326.3564515980986	212.55771891384302	6.239982525102825	0
1	269	1158.1572416848285	375.79774742681127	3.0818631820308773	0
2	269	727.6475853539441	754.6378140805767	0.964234195235079	0.62325
3	269	857.924918925132	870.1748218213836	0.9859224806451984	0.54475
1	270	6.369456423475437	6.4034917205424	0.9946848846610081	0.51525
2	270	9.996278437546632	2.1027057710104855	4.7540072298097975	0
3	270	4.929914627610517	7.837006481463928	0.6290558313650424	0.955
1	271	409.7439905388337	631.6326036667178	0.6487062069947167	0.9985
2	271	581.3978883771038	496.52238204354626	1.1709399402786915	0.07825
3	271	1000.9333171300138	189.30464971656988	5.287420666257422	0
1	272	152.71116886488684	112.46307905102086	1.3578782490528	0.02075
2	272	236.6562691182271	49.79319583223493	4.752783290222586	0
3	272	261.7955824266948	57.734616952236664	4.534464698073185	0
1	273	86.30955024020346	640.991777355187	0.13465001157476242	1
2	273	368.0905315326513	344.9858236919	1.0669729196217224	0.28075
3	273	684.4898539826243	182.19205185534042	3.7569687975527373	0
1	274	113.05027959124385	284.5679410338807	0.3972699074270776	1
2	274	185.09911941243962	250.95624244072815	0.7375752745268215	0.99
3	274	392.32739257431956	60.36288176522348	6.499480824991839	0
1	275	86.75124054776138	241.6751327580978	0.3589580754863767	1
2	275	266.65162010584834	82.606536789785	3.227972391390969	0
3	275	368.07579840082997	7.982621992345224	46.109636502115336	0
1	276	933.3829948657758	1375.3208570306317	0.6786656292561315	0.9945
2	276	2094.1262534088273	276.5360637634848	7.572705797967413	0
3	276	2382.6735359674876	157.84654354708374	15.094873048371594	0
1	277	65.51109962169389	47.170157182353805	1.388825128744777	0.0245
2	277	47.06496830676015	73.31004979020352	0.6419988588392621	0.99875
3	277	99.43542134073432	35.901208940576474	2.769695625161799	0
1	278	62.41261764118423	16.86765189022616	3.7001366904749067	0
2	278	64.11317582621837	16.226757075535907	3.9510775645293843	0
3	278	83.91742803068041	4.547101576885893	18.455147001169856	0
1	279	29.873889167747826	42.787817193353256	0.6981868000592584	0.98075
2	279	10.866240677503985	60.60359323181267	0.179300270793184	1
3	279	81.96835456250102	2.3384574953694486	35.05231748911947	0
1	280	168.94324679725833	316.40526739435575	0.5339457468218877	0.99975
2	280	215.28290194891983	296.18334915558034	0.7268568694448626	0.994
3	280	220.4239714247306	316.4770908045914	0.6964926619627936	0.9945
1	281	42.56609629031166	555.64314547513	0.07660689533731839	1
2	281	409.60428144742957	169.77230886979817	2.412668380221909	0
3	281	651.5668773357509	19.200536454001174	33.93482671157199	0
1	282	946.8470566762048	112.85287964826725	8.390100984815613	0
2	282	489.65674602186346	445.10155499241216	1.1001011803479563	0.2105
3	282	767.4668055372005	293.16027050928193	2.6179086415903043	0
1	283	121.28145624205152	68.27430214033105	1.776385146973301	5e-4
2	283	138.3313030313082	57.79927221110323	2.3933052742614773	0
3	283	181.55546113622964	31.321341070885552	5.796541748494695	0
1	284	3356.532026905137	47877.31634908552	0.07010693754077234	1
2	284	13977.729309466384	44832.958478069806	0.31177352073037157	1
3	284	58161.15651891433	4699.633515431647	12.375679151988601	0
1	285	634.9206607142862	809.5293666110506	0.7843083733605213	0.961
2	285	1066.8996457296726	334.73033216727026	3.187340803033426	0
3	285	882.5977102880689	771.4645122085415	1.1440548415653966	0.1785
1	286	136.7251341011475	79.64670517123852	1.7166451996625811	7.5e-4
2	286	178.3033505309614	52.7988091483399	3.37703356206411	0
3	286	246.92168688965214	2.5224320812265484	97.89032130037964	0
1	287	817.7200214127129	125.18110845293012	6.532295739498003	0
2	287	563.5392064872874	344.86051325636697	1.6341076604161873	0
3	287	979.4101087661342	87.7613875602364	11.159920507112547	0
1	288	1915.062862706262	3979.033110503031	0.48128849635638216	1
2	288	4284.147331049213	1180.5070214111488	3.6290739939251266	0
3	288	4628.1744045244195	1581.3321018866159	2.9267567508449073	0
1	289	64.6734207419974	26.842011566232557	2.409410359667568	0
2	289	67.25116585388636	32.55993811818473	2.065457422240203	0
3	289	83.56424897567221	20.662007887933346	4.044343097191145	0
1	290	4556.82552650551	1367.1927010583458	3.332979705770858	0
2	290	2758.825611533393	3074.133380422266	0.8974319816775282	0.82475
3	290	5951.447387102862	188.70994026814236	31.53754051665912	0
1	291	5787.268790344082	6744.589470009943	0.8580609414520155	0.86775
2	291	8302.075289441234	3483.967438778871	2.3829371069986545	0
3	291	11616.402679863531	2226.6232074012632	5.217049135772401	0
1	292	101.05041052448962	27.944720760520156	3.616082314454614	0
2	292	70.82804236212812	55.61360960896501	1.2735739122157343	0.03425
3	292	133.46353662967329	5.315746890154072	25.107203068091334	0
1	293	88.03823769223649	52.68426252106637	1.6710538115064901	0.00125
2	293	113.43850269597577	24.06492683127974	4.713851967691325	0
3	293	81.19723407152871	79.89494635767487	1.016300001104247	0.45075
1	294	222.97146101991012	112.60521504423633	1.9801166485257102	0
2	294	235.05199100114515	91.07657049260241	2.580817324695345	0
3	294	297.1854174251582	55.29333275856148	5.374706182440102	0
1	295	1.3334753673098578	1.5682320331686572	0.8503048905432272	0.62725
2	295	1.903308629222557	1.0192642243595555	1.8673358524071437	0.08275
3	295	3.2284173391218864	1.1309023739302675	2.854726821292316	0.02175
1	296	51316.14560377653	21506.52953961515	2.3860728207799355	0
2	296	38001.59200985343	36467.17616052604	1.0420766292013672	0.363
3	296	66065.69947195592	10794.841124839671	6.120117814419167	0
1	297	18.047051151746057	32.014133450748346	0.5637213694854576	0.999
2	297	30.018578317410675	16.155813892947577	1.858066607867682	0
3	297	47.38272979612636	10.854176128749875	4.365391645951082	0
1	298	1369.3899729598566	622.5868695685031	2.1995163083168476	0
2	298	1321.9397239211135	771.5151175969704	1.7134333388547778	0
3	298	1652.4308748552721	855.9103847995491	1.9306120175680133	0
1	299	57.348346224837165	35.9221228394652	1.5964631734356307	0.00375
2	299	66.56099822822094	25.585397509520874	2.6015229274218687	0
3	299	95.32396137772805	7.2823444637138	13.089735297843271	0
1	300	2142.4466328762956	240.75816086746926	8.898749787574816	0
2	300	1886.1094458228013	695.979292780167	2.710007992175351	0
3	300	1696.7576497326172	1073.4989374971424	1.5805862404378337	0
